USE [master]
GO
/****** Object:  Database [BDD_NikeStore]    Script Date: 15/11/2023 22:51:20 ******/
CREATE DATABASE [BDD_NikeStore]
 CONTAINMENT = NONE
 ON  PRIMARY 
( NAME = N'BDD_NikeStore', FILENAME = N'C:\Program Files\Microsoft SQL Server\MSSQL16.SQLEXPRESS\MSSQL\DATA\BDD_NikeStore.mdf' , SIZE = 8192KB , MAXSIZE = UNLIMITED, FILEGROWTH = 65536KB )
 LOG ON 
( NAME = N'BDD_NikeStore_log', FILENAME = N'C:\Program Files\Microsoft SQL Server\MSSQL16.SQLEXPRESS\MSSQL\DATA\BDD_NikeStore_log.ldf' , SIZE = 8192KB , MAXSIZE = 2048GB , FILEGROWTH = 65536KB )
 WITH CATALOG_COLLATION = DATABASE_DEFAULT, LEDGER = OFF
GO
ALTER DATABASE [BDD_NikeStore] SET COMPATIBILITY_LEVEL = 160
GO
IF (1 = FULLTEXTSERVICEPROPERTY('IsFullTextInstalled'))
begin
EXEC [BDD_NikeStore].[dbo].[sp_fulltext_database] @action = 'enable'
end
GO
ALTER DATABASE [BDD_NikeStore] SET ANSI_NULL_DEFAULT OFF 
GO
ALTER DATABASE [BDD_NikeStore] SET ANSI_NULLS OFF 
GO
ALTER DATABASE [BDD_NikeStore] SET ANSI_PADDING OFF 
GO
ALTER DATABASE [BDD_NikeStore] SET ANSI_WARNINGS OFF 
GO
ALTER DATABASE [BDD_NikeStore] SET ARITHABORT OFF 
GO
ALTER DATABASE [BDD_NikeStore] SET AUTO_CLOSE OFF 
GO
ALTER DATABASE [BDD_NikeStore] SET AUTO_SHRINK OFF 
GO
ALTER DATABASE [BDD_NikeStore] SET AUTO_UPDATE_STATISTICS ON 
GO
ALTER DATABASE [BDD_NikeStore] SET CURSOR_CLOSE_ON_COMMIT OFF 
GO
ALTER DATABASE [BDD_NikeStore] SET CURSOR_DEFAULT  GLOBAL 
GO
ALTER DATABASE [BDD_NikeStore] SET CONCAT_NULL_YIELDS_NULL OFF 
GO
ALTER DATABASE [BDD_NikeStore] SET NUMERIC_ROUNDABORT OFF 
GO
ALTER DATABASE [BDD_NikeStore] SET QUOTED_IDENTIFIER OFF 
GO
ALTER DATABASE [BDD_NikeStore] SET RECURSIVE_TRIGGERS OFF 
GO
ALTER DATABASE [BDD_NikeStore] SET  DISABLE_BROKER 
GO
ALTER DATABASE [BDD_NikeStore] SET AUTO_UPDATE_STATISTICS_ASYNC OFF 
GO
ALTER DATABASE [BDD_NikeStore] SET DATE_CORRELATION_OPTIMIZATION OFF 
GO
ALTER DATABASE [BDD_NikeStore] SET TRUSTWORTHY OFF 
GO
ALTER DATABASE [BDD_NikeStore] SET ALLOW_SNAPSHOT_ISOLATION OFF 
GO
ALTER DATABASE [BDD_NikeStore] SET PARAMETERIZATION SIMPLE 
GO
ALTER DATABASE [BDD_NikeStore] SET READ_COMMITTED_SNAPSHOT OFF 
GO
ALTER DATABASE [BDD_NikeStore] SET HONOR_BROKER_PRIORITY OFF 
GO
ALTER DATABASE [BDD_NikeStore] SET RECOVERY SIMPLE 
GO
ALTER DATABASE [BDD_NikeStore] SET  MULTI_USER 
GO
ALTER DATABASE [BDD_NikeStore] SET PAGE_VERIFY CHECKSUM  
GO
ALTER DATABASE [BDD_NikeStore] SET DB_CHAINING OFF 
GO
ALTER DATABASE [BDD_NikeStore] SET FILESTREAM( NON_TRANSACTED_ACCESS = OFF ) 
GO
ALTER DATABASE [BDD_NikeStore] SET TARGET_RECOVERY_TIME = 60 SECONDS 
GO
ALTER DATABASE [BDD_NikeStore] SET DELAYED_DURABILITY = DISABLED 
GO
ALTER DATABASE [BDD_NikeStore] SET ACCELERATED_DATABASE_RECOVERY = OFF  
GO
ALTER DATABASE [BDD_NikeStore] SET QUERY_STORE = ON
GO
ALTER DATABASE [BDD_NikeStore] SET QUERY_STORE (OPERATION_MODE = READ_WRITE, CLEANUP_POLICY = (STALE_QUERY_THRESHOLD_DAYS = 30), DATA_FLUSH_INTERVAL_SECONDS = 900, INTERVAL_LENGTH_MINUTES = 60, MAX_STORAGE_SIZE_MB = 1000, QUERY_CAPTURE_MODE = AUTO, SIZE_BASED_CLEANUP_MODE = AUTO, MAX_PLANS_PER_QUERY = 200, WAIT_STATS_CAPTURE_MODE = ON)
GO
USE [BDD_NikeStore]
GO
/****** Object:  UserDefinedTableType [dbo].[EDetalle_Compra]    Script Date: 15/11/2023 22:51:20 ******/
CREATE TYPE [dbo].[EDetalle_Compra] AS TABLE(
	[IdProducto] [int] NULL,
	[PrecioCompra] [decimal](18, 2) NULL,
	[PrecioVenta] [decimal](18, 2) NULL,
	[Cantidad] [int] NULL,
	[MontoTotal] [decimal](18, 2) NULL
)
GO
/****** Object:  UserDefinedTableType [dbo].[EDetalle_Venta]    Script Date: 15/11/2023 22:51:20 ******/
CREATE TYPE [dbo].[EDetalle_Venta] AS TABLE(
	[IdProducto] [int] NULL,
	[PrecioVenta] [decimal](18, 2) NULL,
	[Cantidad] [int] NULL,
	[SubTotal] [decimal](18, 2) NULL
)
GO
/****** Object:  Table [dbo].[CATEGORIA]    Script Date: 15/11/2023 22:51:20 ******/
SET ANSI_NULLS ON
GO
SET QUOTED_IDENTIFIER ON
GO
CREATE TABLE [dbo].[CATEGORIA](
	[IdCategoria] [int] IDENTITY(1,1) NOT NULL,
	[Descripcion] [varchar](100) NULL,
	[Estado] [bit] NULL,
	[FechaRegistro] [datetime] NULL,
PRIMARY KEY CLUSTERED 
(
	[IdCategoria] ASC
)WITH (PAD_INDEX = OFF, STATISTICS_NORECOMPUTE = OFF, IGNORE_DUP_KEY = OFF, ALLOW_ROW_LOCKS = ON, ALLOW_PAGE_LOCKS = ON, OPTIMIZE_FOR_SEQUENTIAL_KEY = OFF) ON [PRIMARY]
) ON [PRIMARY]
GO
/****** Object:  Table [dbo].[CLIENTE]    Script Date: 15/11/2023 22:51:21 ******/
SET ANSI_NULLS ON
GO
SET QUOTED_IDENTIFIER ON
GO
CREATE TABLE [dbo].[CLIENTE](
	[IdCliente] [int] IDENTITY(1,1) NOT NULL,
	[Documento] [varchar](50) NULL,
	[Nombre] [varchar](50) NULL,
	[Apellido] [varchar](50) NULL,
	[Correo] [varchar](50) NULL,
	[Telefono] [varchar](50) NULL,
	[Estado] [bit] NULL,
	[FechaRegistro] [datetime] NULL,
 CONSTRAINT [PK__CLIENTE__D594664285FE73B2] PRIMARY KEY CLUSTERED 
(
	[IdCliente] ASC
)WITH (PAD_INDEX = OFF, STATISTICS_NORECOMPUTE = OFF, IGNORE_DUP_KEY = OFF, ALLOW_ROW_LOCKS = ON, ALLOW_PAGE_LOCKS = ON, OPTIMIZE_FOR_SEQUENTIAL_KEY = OFF) ON [PRIMARY]
) ON [PRIMARY]
GO
/****** Object:  Table [dbo].[COMPRA]    Script Date: 15/11/2023 22:51:21 ******/
SET ANSI_NULLS ON
GO
SET QUOTED_IDENTIFIER ON
GO
CREATE TABLE [dbo].[COMPRA](
	[IdCompra] [int] IDENTITY(1,1) NOT NULL,
	[IdUsuario] [int] NULL,
	[IdProveedor] [int] NULL,
	[TipoDocumento] [varchar](50) NULL,
	[NumeroDocumento] [varchar](50) NULL,
	[MontoTotal] [decimal](10, 2) NULL,
	[FechaRegistro] [datetime] NULL,
PRIMARY KEY CLUSTERED 
(
	[IdCompra] ASC
)WITH (PAD_INDEX = OFF, STATISTICS_NORECOMPUTE = OFF, IGNORE_DUP_KEY = OFF, ALLOW_ROW_LOCKS = ON, ALLOW_PAGE_LOCKS = ON, OPTIMIZE_FOR_SEQUENTIAL_KEY = OFF) ON [PRIMARY]
) ON [PRIMARY]
GO
/****** Object:  Table [dbo].[DETALLE_COMPRA]    Script Date: 15/11/2023 22:51:21 ******/
SET ANSI_NULLS ON
GO
SET QUOTED_IDENTIFIER ON
GO
CREATE TABLE [dbo].[DETALLE_COMPRA](
	[IdDetalleCompra] [int] IDENTITY(1,1) NOT NULL,
	[IdCompra] [int] NULL,
	[IdProducto] [int] NULL,
	[PrecioCompra] [decimal](10, 2) NULL,
	[PrecioVenta] [decimal](10, 2) NULL,
	[Cantidad] [int] NULL,
	[MontoTotal] [decimal](10, 2) NULL,
	[FechaRegistro] [datetime] NULL,
PRIMARY KEY CLUSTERED 
(
	[IdDetalleCompra] ASC
)WITH (PAD_INDEX = OFF, STATISTICS_NORECOMPUTE = OFF, IGNORE_DUP_KEY = OFF, ALLOW_ROW_LOCKS = ON, ALLOW_PAGE_LOCKS = ON, OPTIMIZE_FOR_SEQUENTIAL_KEY = OFF) ON [PRIMARY]
) ON [PRIMARY]
GO
/****** Object:  Table [dbo].[DETALLE_VENTA]    Script Date: 15/11/2023 22:51:21 ******/
SET ANSI_NULLS ON
GO
SET QUOTED_IDENTIFIER ON
GO
CREATE TABLE [dbo].[DETALLE_VENTA](
	[IdDetalleVenta] [int] IDENTITY(1,1) NOT NULL,
	[IdVenta] [int] NULL,
	[IdProducto] [int] NULL,
	[PrecioVenta] [decimal](10, 2) NULL,
	[Cantidad] [int] NULL,
	[SubTotal] [decimal](10, 2) NULL,
	[FechaRegistro] [datetime] NULL,
PRIMARY KEY CLUSTERED 
(
	[IdDetalleVenta] ASC
)WITH (PAD_INDEX = OFF, STATISTICS_NORECOMPUTE = OFF, IGNORE_DUP_KEY = OFF, ALLOW_ROW_LOCKS = ON, ALLOW_PAGE_LOCKS = ON, OPTIMIZE_FOR_SEQUENTIAL_KEY = OFF) ON [PRIMARY]
) ON [PRIMARY]
GO
/****** Object:  Table [dbo].[NEGOCIO]    Script Date: 15/11/2023 22:51:21 ******/
SET ANSI_NULLS ON
GO
SET QUOTED_IDENTIFIER ON
GO
CREATE TABLE [dbo].[NEGOCIO](
	[IdNegocio] [int] NOT NULL,
	[NombreNegocio] [varchar](60) NULL,
	[Rut] [varchar](60) NULL,
	[Direccion] [varchar](60) NULL,
	[Logo] [varbinary](max) NULL,
PRIMARY KEY CLUSTERED 
(
	[IdNegocio] ASC
)WITH (PAD_INDEX = OFF, STATISTICS_NORECOMPUTE = OFF, IGNORE_DUP_KEY = OFF, ALLOW_ROW_LOCKS = ON, ALLOW_PAGE_LOCKS = ON, OPTIMIZE_FOR_SEQUENTIAL_KEY = OFF) ON [PRIMARY]
) ON [PRIMARY] TEXTIMAGE_ON [PRIMARY]
GO
/****** Object:  Table [dbo].[PERMISO]    Script Date: 15/11/2023 22:51:21 ******/
SET ANSI_NULLS ON
GO
SET QUOTED_IDENTIFIER ON
GO
CREATE TABLE [dbo].[PERMISO](
	[IdPermiso] [int] IDENTITY(1,1) NOT NULL,
	[IdRol] [int] NULL,
	[NombreMenu] [varchar](50) NULL,
	[FechaRegistro] [datetime] NULL,
PRIMARY KEY CLUSTERED 
(
	[IdPermiso] ASC
)WITH (PAD_INDEX = OFF, STATISTICS_NORECOMPUTE = OFF, IGNORE_DUP_KEY = OFF, ALLOW_ROW_LOCKS = ON, ALLOW_PAGE_LOCKS = ON, OPTIMIZE_FOR_SEQUENTIAL_KEY = OFF) ON [PRIMARY]
) ON [PRIMARY]
GO
/****** Object:  Table [dbo].[PRODUCTO]    Script Date: 15/11/2023 22:51:21 ******/
SET ANSI_NULLS ON
GO
SET QUOTED_IDENTIFIER ON
GO
CREATE TABLE [dbo].[PRODUCTO](
	[IdProducto] [int] IDENTITY(1,1) NOT NULL,
	[Codigo] [varchar](50) NULL,
	[Nombre] [varchar](50) NULL,
	[Descripcion] [varchar](100) NULL,
	[IdCategoria] [int] NULL,
	[Stock] [int] NOT NULL,
	[PrecioCompra] [decimal](10, 2) NULL,
	[PrecioVenta] [decimal](10, 2) NULL,
	[Estado] [bit] NULL,
	[FechaRegistro] [datetime] NULL,
PRIMARY KEY CLUSTERED 
(
	[IdProducto] ASC
)WITH (PAD_INDEX = OFF, STATISTICS_NORECOMPUTE = OFF, IGNORE_DUP_KEY = OFF, ALLOW_ROW_LOCKS = ON, ALLOW_PAGE_LOCKS = ON, OPTIMIZE_FOR_SEQUENTIAL_KEY = OFF) ON [PRIMARY]
) ON [PRIMARY]
GO
/****** Object:  Table [dbo].[PROVEEDOR]    Script Date: 15/11/2023 22:51:21 ******/
SET ANSI_NULLS ON
GO
SET QUOTED_IDENTIFIER ON
GO
CREATE TABLE [dbo].[PROVEEDOR](
	[IdProveedor] [int] IDENTITY(1,1) NOT NULL,
	[Documento] [varchar](50) NULL,
	[RazonSocial] [varchar](50) NULL,
	[Correo] [varchar](50) NULL,
	[Telefono] [varchar](50) NULL,
	[Estado] [bit] NULL,
	[FechaRegistro] [datetime] NULL,
PRIMARY KEY CLUSTERED 
(
	[IdProveedor] ASC
)WITH (PAD_INDEX = OFF, STATISTICS_NORECOMPUTE = OFF, IGNORE_DUP_KEY = OFF, ALLOW_ROW_LOCKS = ON, ALLOW_PAGE_LOCKS = ON, OPTIMIZE_FOR_SEQUENTIAL_KEY = OFF) ON [PRIMARY]
) ON [PRIMARY]
GO
/****** Object:  Table [dbo].[ROL]    Script Date: 15/11/2023 22:51:21 ******/
SET ANSI_NULLS ON
GO
SET QUOTED_IDENTIFIER ON
GO
CREATE TABLE [dbo].[ROL](
	[IdRol] [int] IDENTITY(1,1) NOT NULL,
	[descripcion] [varchar](50) NULL,
	[FechaRegistro] [datetime] NULL,
PRIMARY KEY CLUSTERED 
(
	[IdRol] ASC
)WITH (PAD_INDEX = OFF, STATISTICS_NORECOMPUTE = OFF, IGNORE_DUP_KEY = OFF, ALLOW_ROW_LOCKS = ON, ALLOW_PAGE_LOCKS = ON, OPTIMIZE_FOR_SEQUENTIAL_KEY = OFF) ON [PRIMARY]
) ON [PRIMARY]
GO
/****** Object:  Table [dbo].[USUARIO]    Script Date: 15/11/2023 22:51:21 ******/
SET ANSI_NULLS ON
GO
SET QUOTED_IDENTIFIER ON
GO
CREATE TABLE [dbo].[USUARIO](
	[IdUsuario] [int] IDENTITY(1,1) NOT NULL,
	[Documento] [varchar](50) NULL,
	[Nombre] [varchar](50) NULL,
	[Apellido] [varchar](50) NULL,
	[Correo] [varchar](50) NULL,
	[Clave] [varchar](50) NULL,
	[IdRol] [int] NULL,
	[Estado] [bit] NULL,
	[FechaRegistro] [datetime] NULL,
PRIMARY KEY CLUSTERED 
(
	[IdUsuario] ASC
)WITH (PAD_INDEX = OFF, STATISTICS_NORECOMPUTE = OFF, IGNORE_DUP_KEY = OFF, ALLOW_ROW_LOCKS = ON, ALLOW_PAGE_LOCKS = ON, OPTIMIZE_FOR_SEQUENTIAL_KEY = OFF) ON [PRIMARY]
) ON [PRIMARY]
GO
/****** Object:  Table [dbo].[VENTA]    Script Date: 15/11/2023 22:51:21 ******/
SET ANSI_NULLS ON
GO
SET QUOTED_IDENTIFIER ON
GO
CREATE TABLE [dbo].[VENTA](
	[IdVenta] [int] IDENTITY(1,1) NOT NULL,
	[IdUsuario] [int] NULL,
	[TipoDocumento] [varchar](50) NULL,
	[NumeroDocumento] [varchar](50) NULL,
	[DocumentoCliente] [varchar](50) NULL,
	[NombreCliente] [varchar](50) NULL,
	[ApellidoCliente] [varchar](50) NULL,
	[MontoPago] [decimal](10, 2) NULL,
	[MontoCambio] [decimal](10, 2) NULL,
	[MontoTotal] [decimal](10, 2) NULL,
	[FechaRegistro] [datetime] NULL,
 CONSTRAINT [PK__VENTA__BC1240BDB5B52854] PRIMARY KEY CLUSTERED 
(
	[IdVenta] ASC
)WITH (PAD_INDEX = OFF, STATISTICS_NORECOMPUTE = OFF, IGNORE_DUP_KEY = OFF, ALLOW_ROW_LOCKS = ON, ALLOW_PAGE_LOCKS = ON, OPTIMIZE_FOR_SEQUENTIAL_KEY = OFF) ON [PRIMARY]
) ON [PRIMARY]
GO
SET IDENTITY_INSERT [dbo].[CATEGORIA] ON 

INSERT [dbo].[CATEGORIA] ([IdCategoria], [Descripcion], [Estado], [FechaRegistro]) VALUES (1, N'Remeras', 1, CAST(N'2023-11-02T23:33:44.847' AS DateTime))
INSERT [dbo].[CATEGORIA] ([IdCategoria], [Descripcion], [Estado], [FechaRegistro]) VALUES (3, N'Zapatillas', 1, CAST(N'2023-11-02T23:35:39.630' AS DateTime))
INSERT [dbo].[CATEGORIA] ([IdCategoria], [Descripcion], [Estado], [FechaRegistro]) VALUES (4, N'Pantalones', 1, CAST(N'2023-11-02T23:43:44.583' AS DateTime))
INSERT [dbo].[CATEGORIA] ([IdCategoria], [Descripcion], [Estado], [FechaRegistro]) VALUES (5, N'Buzos', 1, CAST(N'2023-11-03T15:53:09.533' AS DateTime))
INSERT [dbo].[CATEGORIA] ([IdCategoria], [Descripcion], [Estado], [FechaRegistro]) VALUES (6, N'Camperas', 1, CAST(N'2023-11-03T15:53:25.553' AS DateTime))
INSERT [dbo].[CATEGORIA] ([IdCategoria], [Descripcion], [Estado], [FechaRegistro]) VALUES (7, N'Shorts', 1, CAST(N'2023-11-03T15:53:46.903' AS DateTime))
SET IDENTITY_INSERT [dbo].[CATEGORIA] OFF
GO
SET IDENTITY_INSERT [dbo].[CLIENTE] ON 

INSERT [dbo].[CLIENTE] ([IdCliente], [Documento], [Nombre], [Apellido], [Correo], [Telefono], [Estado], [FechaRegistro]) VALUES (3, N'10000000', N'Ramon', N'Galarza', N'ramgalarza@gmail.com', N'3794123', 1, CAST(N'2023-11-14T21:23:05.163' AS DateTime))
INSERT [dbo].[CLIENTE] ([IdCliente], [Documento], [Nombre], [Apellido], [Correo], [Telefono], [Estado], [FechaRegistro]) VALUES (4, N'20000000', N'Maria', N'Hernandez', N'marihernandez@gmail.com', N'3794456', 1, CAST(N'2023-11-14T21:23:05.167' AS DateTime))
INSERT [dbo].[CLIENTE] ([IdCliente], [Documento], [Nombre], [Apellido], [Correo], [Telefono], [Estado], [FechaRegistro]) VALUES (5, N'30000000', N'Eduardo', N'Ramirez', N'eduramirez@gmail.com', N'3794789', 1, CAST(N'2023-11-14T21:23:05.167' AS DateTime))
INSERT [dbo].[CLIENTE] ([IdCliente], [Documento], [Nombre], [Apellido], [Correo], [Telefono], [Estado], [FechaRegistro]) VALUES (6, N'40000000', N'Romina', N'Alvarez', N'rominalvarez@gmail.com', N'3794321', 1, CAST(N'2023-11-14T21:23:05.167' AS DateTime))
INSERT [dbo].[CLIENTE] ([IdCliente], [Documento], [Nombre], [Apellido], [Correo], [Telefono], [Estado], [FechaRegistro]) VALUES (7, N'50000000', N'Daira', N'Fernandez', N'daifer@gmail.com', N'3794654', 1, CAST(N'2023-11-14T21:23:05.167' AS DateTime))
INSERT [dbo].[CLIENTE] ([IdCliente], [Documento], [Nombre], [Apellido], [Correo], [Telefono], [Estado], [FechaRegistro]) VALUES (8, N'60000000', N'Mateo', N'Herrera', N'materra@gmail.com', N'3794987', 1, CAST(N'2023-11-14T21:23:05.167' AS DateTime))
SET IDENTITY_INSERT [dbo].[CLIENTE] OFF
GO
SET IDENTITY_INSERT [dbo].[COMPRA] ON 

INSERT [dbo].[COMPRA] ([IdCompra], [IdUsuario], [IdProveedor], [TipoDocumento], [NumeroDocumento], [MontoTotal], [FechaRegistro]) VALUES (3, 1, 4, N'Boleta', N'00001', CAST(40000.00 AS Decimal(10, 2)), CAST(N'2023-11-14T21:36:25.770' AS DateTime))
INSERT [dbo].[COMPRA] ([IdCompra], [IdUsuario], [IdProveedor], [TipoDocumento], [NumeroDocumento], [MontoTotal], [FechaRegistro]) VALUES (4, 17, 8, N'Boleta', N'00002', CAST(250000.00 AS Decimal(10, 2)), CAST(N'2023-11-14T23:06:48.283' AS DateTime))
INSERT [dbo].[COMPRA] ([IdCompra], [IdUsuario], [IdProveedor], [TipoDocumento], [NumeroDocumento], [MontoTotal], [FechaRegistro]) VALUES (5, 1, 5, N'Boleta', N'00003', CAST(300000.00 AS Decimal(10, 2)), CAST(N'2023-11-14T23:47:23.827' AS DateTime))
INSERT [dbo].[COMPRA] ([IdCompra], [IdUsuario], [IdProveedor], [TipoDocumento], [NumeroDocumento], [MontoTotal], [FechaRegistro]) VALUES (6, 1, 5, N'Boleta', N'00004', CAST(200000.00 AS Decimal(10, 2)), CAST(N'2023-11-14T23:48:50.930' AS DateTime))
INSERT [dbo].[COMPRA] ([IdCompra], [IdUsuario], [IdProveedor], [TipoDocumento], [NumeroDocumento], [MontoTotal], [FechaRegistro]) VALUES (7, 1, 6, N'Boleta', N'00005', CAST(667500.00 AS Decimal(10, 2)), CAST(N'2023-11-14T23:50:08.810' AS DateTime))
INSERT [dbo].[COMPRA] ([IdCompra], [IdUsuario], [IdProveedor], [TipoDocumento], [NumeroDocumento], [MontoTotal], [FechaRegistro]) VALUES (8, 1, 9, N'Boleta', N'00006', CAST(505000.00 AS Decimal(10, 2)), CAST(N'2023-11-14T23:51:32.757' AS DateTime))
INSERT [dbo].[COMPRA] ([IdCompra], [IdUsuario], [IdProveedor], [TipoDocumento], [NumeroDocumento], [MontoTotal], [FechaRegistro]) VALUES (9, 1, 9, N'Boleta', N'00007', CAST(22000.00 AS Decimal(10, 2)), CAST(N'2023-11-15T08:04:59.033' AS DateTime))
INSERT [dbo].[COMPRA] ([IdCompra], [IdUsuario], [IdProveedor], [TipoDocumento], [NumeroDocumento], [MontoTotal], [FechaRegistro]) VALUES (10, 18, 6, N'Boleta', N'00008', CAST(323000.00 AS Decimal(10, 2)), CAST(N'2023-11-15T08:49:34.840' AS DateTime))
INSERT [dbo].[COMPRA] ([IdCompra], [IdUsuario], [IdProveedor], [TipoDocumento], [NumeroDocumento], [MontoTotal], [FechaRegistro]) VALUES (11, 18, 4, N'Boleta', N'00009', CAST(140400.00 AS Decimal(10, 2)), CAST(N'2023-11-15T08:50:55.787' AS DateTime))
INSERT [dbo].[COMPRA] ([IdCompra], [IdUsuario], [IdProveedor], [TipoDocumento], [NumeroDocumento], [MontoTotal], [FechaRegistro]) VALUES (12, 1, 5, N'Factura', N'00010', CAST(20000.00 AS Decimal(10, 2)), CAST(N'2023-11-15T17:29:29.117' AS DateTime))
SET IDENTITY_INSERT [dbo].[COMPRA] OFF
GO
SET IDENTITY_INSERT [dbo].[DETALLE_COMPRA] ON 

INSERT [dbo].[DETALLE_COMPRA] ([IdDetalleCompra], [IdCompra], [IdProducto], [PrecioCompra], [PrecioVenta], [Cantidad], [MontoTotal], [FechaRegistro]) VALUES (3, 3, 8, CAST(2000.00 AS Decimal(10, 2)), CAST(3000.00 AS Decimal(10, 2)), 20, CAST(40000.00 AS Decimal(10, 2)), CAST(N'2023-11-14T21:36:25.770' AS DateTime))
INSERT [dbo].[DETALLE_COMPRA] ([IdDetalleCompra], [IdCompra], [IdProducto], [PrecioCompra], [PrecioVenta], [Cantidad], [MontoTotal], [FechaRegistro]) VALUES (4, 4, 12, CAST(25000.00 AS Decimal(10, 2)), CAST(35000.00 AS Decimal(10, 2)), 10, CAST(250000.00 AS Decimal(10, 2)), CAST(N'2023-11-14T23:06:48.283' AS DateTime))
INSERT [dbo].[DETALLE_COMPRA] ([IdDetalleCompra], [IdCompra], [IdProducto], [PrecioCompra], [PrecioVenta], [Cantidad], [MontoTotal], [FechaRegistro]) VALUES (5, 5, 14, CAST(15000.00 AS Decimal(10, 2)), CAST(20000.00 AS Decimal(10, 2)), 20, CAST(300000.00 AS Decimal(10, 2)), CAST(N'2023-11-14T23:47:23.827' AS DateTime))
INSERT [dbo].[DETALLE_COMPRA] ([IdDetalleCompra], [IdCompra], [IdProducto], [PrecioCompra], [PrecioVenta], [Cantidad], [MontoTotal], [FechaRegistro]) VALUES (6, 6, 19, CAST(20000.00 AS Decimal(10, 2)), CAST(28500.00 AS Decimal(10, 2)), 10, CAST(200000.00 AS Decimal(10, 2)), CAST(N'2023-11-14T23:48:50.930' AS DateTime))
INSERT [dbo].[DETALLE_COMPRA] ([IdDetalleCompra], [IdCompra], [IdProducto], [PrecioCompra], [PrecioVenta], [Cantidad], [MontoTotal], [FechaRegistro]) VALUES (7, 7, 20, CAST(32500.00 AS Decimal(10, 2)), CAST(40000.00 AS Decimal(10, 2)), 15, CAST(487500.00 AS Decimal(10, 2)), CAST(N'2023-11-14T23:50:08.810' AS DateTime))
INSERT [dbo].[DETALLE_COMPRA] ([IdDetalleCompra], [IdCompra], [IdProducto], [PrecioCompra], [PrecioVenta], [Cantidad], [MontoTotal], [FechaRegistro]) VALUES (8, 7, 23, CAST(9000.00 AS Decimal(10, 2)), CAST(12000.00 AS Decimal(10, 2)), 20, CAST(180000.00 AS Decimal(10, 2)), CAST(N'2023-11-14T23:50:08.810' AS DateTime))
INSERT [dbo].[DETALLE_COMPRA] ([IdDetalleCompra], [IdCompra], [IdProducto], [PrecioCompra], [PrecioVenta], [Cantidad], [MontoTotal], [FechaRegistro]) VALUES (9, 8, 25, CAST(5500.00 AS Decimal(10, 2)), CAST(10000.00 AS Decimal(10, 2)), 10, CAST(55000.00 AS Decimal(10, 2)), CAST(N'2023-11-14T23:51:32.757' AS DateTime))
INSERT [dbo].[DETALLE_COMPRA] ([IdDetalleCompra], [IdCompra], [IdProducto], [PrecioCompra], [PrecioVenta], [Cantidad], [MontoTotal], [FechaRegistro]) VALUES (10, 8, 13, CAST(30000.00 AS Decimal(10, 2)), CAST(45000.00 AS Decimal(10, 2)), 15, CAST(450000.00 AS Decimal(10, 2)), CAST(N'2023-11-14T23:51:32.757' AS DateTime))
INSERT [dbo].[DETALLE_COMPRA] ([IdDetalleCompra], [IdCompra], [IdProducto], [PrecioCompra], [PrecioVenta], [Cantidad], [MontoTotal], [FechaRegistro]) VALUES (11, 9, 9, CAST(2200.00 AS Decimal(10, 2)), CAST(3500.00 AS Decimal(10, 2)), 10, CAST(22000.00 AS Decimal(10, 2)), CAST(N'2023-11-15T08:04:59.033' AS DateTime))
INSERT [dbo].[DETALLE_COMPRA] ([IdDetalleCompra], [IdCompra], [IdProducto], [PrecioCompra], [PrecioVenta], [Cantidad], [MontoTotal], [FechaRegistro]) VALUES (12, 10, 18, CAST(12500.00 AS Decimal(10, 2)), CAST(17000.00 AS Decimal(10, 2)), 10, CAST(125000.00 AS Decimal(10, 2)), CAST(N'2023-11-15T08:49:34.840' AS DateTime))
INSERT [dbo].[DETALLE_COMPRA] ([IdDetalleCompra], [IdCompra], [IdProducto], [PrecioCompra], [PrecioVenta], [Cantidad], [MontoTotal], [FechaRegistro]) VALUES (13, 10, 17, CAST(13200.00 AS Decimal(10, 2)), CAST(18500.00 AS Decimal(10, 2)), 15, CAST(198000.00 AS Decimal(10, 2)), CAST(N'2023-11-15T08:49:34.840' AS DateTime))
INSERT [dbo].[DETALLE_COMPRA] ([IdDetalleCompra], [IdCompra], [IdProducto], [PrecioCompra], [PrecioVenta], [Cantidad], [MontoTotal], [FechaRegistro]) VALUES (14, 11, 24, CAST(17550.00 AS Decimal(10, 2)), CAST(23350.00 AS Decimal(10, 2)), 8, CAST(140400.00 AS Decimal(10, 2)), CAST(N'2023-11-15T08:50:55.787' AS DateTime))
INSERT [dbo].[DETALLE_COMPRA] ([IdDetalleCompra], [IdCompra], [IdProducto], [PrecioCompra], [PrecioVenta], [Cantidad], [MontoTotal], [FechaRegistro]) VALUES (15, 12, 10, CAST(2000.00 AS Decimal(10, 2)), CAST(3500.00 AS Decimal(10, 2)), 10, CAST(20000.00 AS Decimal(10, 2)), CAST(N'2023-11-15T17:29:29.120' AS DateTime))
SET IDENTITY_INSERT [dbo].[DETALLE_COMPRA] OFF
GO
SET IDENTITY_INSERT [dbo].[DETALLE_VENTA] ON 

INSERT [dbo].[DETALLE_VENTA] ([IdDetalleVenta], [IdVenta], [IdProducto], [PrecioVenta], [Cantidad], [SubTotal], [FechaRegistro]) VALUES (3, 3, 8, CAST(3000.00 AS Decimal(10, 2)), 1, CAST(3000.00 AS Decimal(10, 2)), CAST(N'2023-11-14T21:39:36.677' AS DateTime))
INSERT [dbo].[DETALLE_VENTA] ([IdDetalleVenta], [IdVenta], [IdProducto], [PrecioVenta], [Cantidad], [SubTotal], [FechaRegistro]) VALUES (4, 4, 8, CAST(3000.00 AS Decimal(10, 2)), 1, CAST(3000.00 AS Decimal(10, 2)), CAST(N'2023-11-14T23:54:51.763' AS DateTime))
INSERT [dbo].[DETALLE_VENTA] ([IdDetalleVenta], [IdVenta], [IdProducto], [PrecioVenta], [Cantidad], [SubTotal], [FechaRegistro]) VALUES (5, 4, 12, CAST(35000.00 AS Decimal(10, 2)), 1, CAST(35000.00 AS Decimal(10, 2)), CAST(N'2023-11-14T23:54:51.763' AS DateTime))
INSERT [dbo].[DETALLE_VENTA] ([IdDetalleVenta], [IdVenta], [IdProducto], [PrecioVenta], [Cantidad], [SubTotal], [FechaRegistro]) VALUES (6, 4, 25, CAST(10000.00 AS Decimal(10, 2)), 1, CAST(10000.00 AS Decimal(10, 2)), CAST(N'2023-11-14T23:54:51.763' AS DateTime))
INSERT [dbo].[DETALLE_VENTA] ([IdDetalleVenta], [IdVenta], [IdProducto], [PrecioVenta], [Cantidad], [SubTotal], [FechaRegistro]) VALUES (7, 5, 19, CAST(28500.00 AS Decimal(10, 2)), 1, CAST(28500.00 AS Decimal(10, 2)), CAST(N'2023-11-14T23:56:35.337' AS DateTime))
INSERT [dbo].[DETALLE_VENTA] ([IdDetalleVenta], [IdVenta], [IdProducto], [PrecioVenta], [Cantidad], [SubTotal], [FechaRegistro]) VALUES (8, 5, 14, CAST(20000.00 AS Decimal(10, 2)), 1, CAST(20000.00 AS Decimal(10, 2)), CAST(N'2023-11-14T23:56:35.337' AS DateTime))
INSERT [dbo].[DETALLE_VENTA] ([IdDetalleVenta], [IdVenta], [IdProducto], [PrecioVenta], [Cantidad], [SubTotal], [FechaRegistro]) VALUES (9, 6, 23, CAST(12000.00 AS Decimal(10, 2)), 1, CAST(12000.00 AS Decimal(10, 2)), CAST(N'2023-11-15T08:46:27.610' AS DateTime))
INSERT [dbo].[DETALLE_VENTA] ([IdDetalleVenta], [IdVenta], [IdProducto], [PrecioVenta], [Cantidad], [SubTotal], [FechaRegistro]) VALUES (10, 6, 20, CAST(40000.00 AS Decimal(10, 2)), 1, CAST(40000.00 AS Decimal(10, 2)), CAST(N'2023-11-15T08:46:27.610' AS DateTime))
INSERT [dbo].[DETALLE_VENTA] ([IdDetalleVenta], [IdVenta], [IdProducto], [PrecioVenta], [Cantidad], [SubTotal], [FechaRegistro]) VALUES (11, 7, 23, CAST(12000.00 AS Decimal(10, 2)), 1, CAST(12000.00 AS Decimal(10, 2)), CAST(N'2023-11-15T08:47:45.030' AS DateTime))
INSERT [dbo].[DETALLE_VENTA] ([IdDetalleVenta], [IdVenta], [IdProducto], [PrecioVenta], [Cantidad], [SubTotal], [FechaRegistro]) VALUES (12, 7, 13, CAST(45000.00 AS Decimal(10, 2)), 1, CAST(45000.00 AS Decimal(10, 2)), CAST(N'2023-11-15T08:47:45.030' AS DateTime))
INSERT [dbo].[DETALLE_VENTA] ([IdDetalleVenta], [IdVenta], [IdProducto], [PrecioVenta], [Cantidad], [SubTotal], [FechaRegistro]) VALUES (13, 8, 8, CAST(3000.00 AS Decimal(10, 2)), 2, CAST(6000.00 AS Decimal(10, 2)), CAST(N'2023-11-15T17:33:58.893' AS DateTime))
INSERT [dbo].[DETALLE_VENTA] ([IdDetalleVenta], [IdVenta], [IdProducto], [PrecioVenta], [Cantidad], [SubTotal], [FechaRegistro]) VALUES (14, 8, 12, CAST(35000.00 AS Decimal(10, 2)), 2, CAST(70000.00 AS Decimal(10, 2)), CAST(N'2023-11-15T17:33:58.893' AS DateTime))
SET IDENTITY_INSERT [dbo].[DETALLE_VENTA] OFF
GO
INSERT [dbo].[NEGOCIO] ([IdNegocio], [NombreNegocio], [Rut], [Direccion], [Logo]) VALUES (1, N'Nike-Store', N'1995123', N'Av. Libertad 3405', 0xFFD8FFE000104A46494600010101006000600000FFEC00114475636B7900010004000000640000FFE100224578696600004D4D002A00000008000101120003000000010001000000000000FFDB0043000201010201010202020202020202030503030303030604040305070607070706070708090B0908080A0807070A0D0A0A0B0C0C0C0C07090E0F0D0C0E0B0C0C0CFFDB004301020202030303060303060C0807080C0C0C0C0C0C0C0C0C0C0C0C0C0C0C0C0C0C0C0C0C0C0C0C0C0C0C0C0C0C0C0C0C0C0C0C0C0C0C0C0C0C0C0C0C0C0C0C0C0CFFC000110800F101AA03012200021101031101FFC4001F0000010501010101010100000000000000000102030405060708090A0BFFC400B5100002010303020403050504040000017D01020300041105122131410613516107227114328191A1082342B1C11552D1F02433627282090A161718191A25262728292A3435363738393A434445464748494A535455565758595A636465666768696A737475767778797A838485868788898A92939495969798999AA2A3A4A5A6A7A8A9AAB2B3B4B5B6B7B8B9BAC2C3C4C5C6C7C8C9CAD2D3D4D5D6D7D8D9DAE1E2E3E4E5E6E7E8E9EAF1F2F3F4F5F6F7F8F9FAFFC4001F0100030101010101010101010000000000000102030405060708090A0BFFC400B51100020102040403040705040400010277000102031104052131061241510761711322328108144291A1B1C109233352F0156272D10A162434E125F11718191A262728292A35363738393A434445464748494A535455565758595A636465666768696A737475767778797A82838485868788898A92939495969798999AA2A3A4A5A6A7A8A9AAB2B3B4B5B6B7B8B9BAC2C3C4C5C6C7C8C9CAD2D3D4D5D6D7D8D9DAE2E3E4E5E6E7E8E9EAF2F3F4F5F6F7F8F9FAFFDA000C03010002110311003F00FDFCA28A2800A28A2800A28A2800A28A2800A28A2800A28A2800A28A2800A28A2800A28A2800A28A2800A28A2800A28A2800A28A2800A28A2800A28A2800A28A2800A28A2800A28A2800A28A2800A28A2800A28A2800A28A2800A28A2800A28A2800A28A2800A28A2800A28A2800A28A2800A28A2800A28A2800A28A2800A28A2800A28A2800A28A2800A28A2800A28A2800A28A2800A28A2800A28A2800A28A2800A28A2800A28A2800A28A2800A28A2800A28A2800A28A2800A28A2800A28A2800A28A2800A28A2800A28A2800A28A2800A28A2800A28A2800A28A2800A28A2800A28A2800A28A2800A28A2800A28A2800A28A2800A28A2800A28A2800A28A2800A28AF0DFF82867EDEDE0BFF82707ECB1E22F8A3E36B81F63D262F2B4FB0470B71ACDEBE4436B103FC4EC393C8555763C29A00F6A4BF8DEF64804D134D1A2C8D186F9D158B0524750095600F7DA71D0D58AF98BFE0926BE30F17FEC5DE19F893F11EE16E7E21FC6241E36D6768C43671DE2AB5959C09FF2CA1B7B216D104C93B96466CBBB93F4ED001451450014514500145145001452673515CDDAD9DBBCD3491C5146373B39015477249EDDE8026A2BE5FF00DA5BFE0B3FFB2EFEC911C8BE37F8D9E07B5BC8F7674ED32F3FB5F5004766B7B412C899EC5D547BF071F9D5FB4F7FC1EB1F0BBC20B716BF097E15F8B3C6D7423654BFD7EEE2D16CD64ECCB1A79F2C88383861131E9C75A00FDB1327A7E7DAB2FC69E3ED17E1BF866EB5AF116B3A5E83A3D8AF99737FA8DDC76B6B6EBEAF2390AA3DC915FCFBFC28FF0082917FC152BFE0B11AB18BE0FF008774DF851E0ABE5F2DF5CB4D1574ED3218DB3F3FDBEF84D348DC726D32E38C2815F5B7ECE9FF0006B6687E30D7ACFC65FB5E7C5BF1F7ED25E328D38B2BDD6AF63D22CC1C12824690DD4C1581C10F0A156C18A803EBC87FE0B39F033C6FF106E3C1FF000C75CD67E3878BEDC067D33E1D69136BB144ADC0692FD02E9F0A6EC0DF35CC6A0F53D6BE99F096BD77E21F0C69F7F7DA4DF6837979024D369B78F0C97160EC013148D0BC911652704C6EEA48E188E6B2BE0F7C0EF06FECF7E04B5F0BF813C2BE1EF077876CB3E469BA369F1595AC64F56D91A81B8F52C7927924D750D1AB7519A0075145140051451400514514005145140051451400514514005145140051451400514514005145140051451400514514005145140051451400514514005145140051451400514514010CB71E4C6EC480101393DBEBFE47E15FC8F7FC1C71FF00056793FE0A55FB66DD693E19D4A49BE12FC359A5D33C38A8D88B53981DB71A8E3BF9ACB88C9FF964A870A59857EE0FFC1D15FF000505B8FD887FE09ABA9E8BE1FBE4B3F1AFC60B87F0A69CC8FB6E2D6C9E366D42E5063240876C3B81051EEE36EAB5FC956F6F5A00FEEE7F65A9F4BBCFD997E1D4BA260E91378634C7B0E73BADCDA45E5F4EBF26DF6AF42AFC3BFF008369FF00E0E09F02EA7F00BC3BFB3EFC6EF1369BE10F14782EDD74CF0B6BDAC5C8B7B0D6B4F4E20B496790848AE215C44818AAC88B1AA932021BF6F2D6F96FADA39A1912686650F1C88432BA9E4104641047391D4118A00B145737F12BE2CF867E0DF8624D6FC5FE24D03C29A2C2C15F50D635086C6D509CE019256540783804F6CFAD7C3BFB507FC1CFBFB1E7ECC9F6CB58FE234DF11F58B3201B0F055836A825CF74BA631D9B0FA5C5007E8354627C8E08AFE79FF69EFF0083DB3C51AA497167F06BE0CE8BA3C4B2110EA9E30D424BE9254EC4DA5B794B1B77FF005F20AFCEDFDA5BFE0E01FDAF3F6A6B6BAB5F107C6AF1368FA55D393FD9FE19F2F428514FFCB3DF6AA92BAFB4B2393DC9A00FEB63F687FDB8FE0FFEC95A7FDA3E267C4CF04781C104A45AC6B105BDC4FC67F77096F32438E40452715F9E9FB4A7FC1E17FB2F7C21964B5F03DAF8E3E2B5E296025D374DFECCB05C7F7A5BB31C9C9E856161EFD33FCB7EA9ACDE6BFAA5C5EDF5D5C5E5E5E48D2CF3CF2992499D8E4B33364B1279249C9AEC7E037ECDDE3FFDA8FC6D0F86BE1CF82FC4FE38D76401BEC5A2E9D2DE4B1A93B7CC7F2D4848C1EAED855EE4726803F54BF69CFF0083CCBE3F7C4A79AD3E19F837C11F0D6C58B04B89D1B5AD4029FBA7749B61C8EBFEA8D7E78FED01FF00051EFDA27F6D9D663B3F1D7C53F881E317BC631C3A58BF916D646738D896B0ED88927801533DABF4E3F602FF0083347E217C4C365ADFED0DE30B7F875A4B15693C35E1F78B51D6A45C9CA4973F35ADBB6304327DA7838214D7ED67EC39FF00048EFD9EFF00E09D5611B7C31F86FA3E97AD2C6126F105F6ED43589F82189BA98B3C61B92C916C8F9E17A5007F395FB03FFC1AC5FB4C7ED931DA6B1E26D2ED7E0D7842E00905E78A91D3529D323FD55828F3B38391E7792A47209E87F6DFF603FF008363FF00665FD883EC7AB6A5E1F7F8B1E31B62B27F6C78AE349EDE2901C8686CC7EE131C60B09187F7ABF453CA507A528403F1A008ED2C61B0B48EDE08A386DE1411C71A2ED44503000038000E3029E62561D29D4500145145001451450014514500145145001451450014514500145145001451450014514500145145001451450014514500145145001451450014514500145145001451450014514500145145007F31FF00F07A17C67BEF177FC144BC07E09370CDA3F837C1315DC56E4FCB1DDDE5D4ED3C83FDE8A0B51FF6CEBF1CEBF703FE0F46FD8DBC41A17ED27E01F8ED636135C7847C45A147E15D46EA242CB61A8DB4B3CB1894E30A26866C20EE6D64E9C67F0FE801C6427FFD55E81F0D3F6B8F8ADF05B4FF00B2783BE26FC40F09DAECF2FC9D1BC4377631EDE98DB148A31C9E3DCD79ED1401BDE3DF8A5E26F8ABABFF006878A3C45AEF892FB9FF0049D52FE5BC9B9EBF3C8C4F3819E79AC22E5AAC59E9F25FDEC76F0432DC4F3BAC71C51A9692472701540CE493C63FAD7E88FEC1BFF06BF7ED3FFB684B69A9EB3E195F843E0F98E5B54F1846F6B7722F04F93603FD21CE0820C8B1237387C8A00FCEB033CF4E3F3AFA43F61BFF0082497ED01FF0512D5A35F865F0EF58D434767DB2F882FD3EC3A3DB707ADD49846C63EEC7BDFD8D7F46DFB077FC1AC7FB32FEC6F059EA9E28D26EBE3278C2DCAC8751F132A8D3E2901CE61B043E52A9E3898CC411C362BF49345D02C7C37A4DBD869D676B61636882282DEDE258A281074555500281E805007E27FEC11FF06667C3FF0087725A6B5FB4078CEF3C7FA8210E7C3DA01934DD29091CA49719FB44D83DD3C8C7FB55FB09F00FF668F87DFB2C780E1F0BFC37F06786FC13A042770B2D1EC63B58DDFBBBED00BB9EEEC4B1EE4D76DB07FF00AA9D40015C9A4DA0F6A5A2800A28A2800A28A2800A28A2800A28A2800A28A2800A28A2800A28A2800A28A2800A28A2800A28A2800A28A2800A28A2800A28A2800A28A2800A28A2800A28A2800A28A2800A28A2800A28A2800A28A2800A28A280395F8D5F03FC23FB467C2ED6BC13E3AF0F699E28F0AF88ADCDAEA1A65FC5E643728482323AAB2B00CAEA43232AB2904023F0C3F6E2FF00832BA3D4FC437DAC7ECF7F12ACF4CB2B863245E1CF19891A3B524E4A477D023B9400E1564859B81BA4624B57EFCD37CB5C5007F2C961FF00066F7ED6D79A979126A3F086D62CE3ED32F886E4C7F92DAB37FE3B5F54FECBFF00F064969F6D716F79F19FE345C5E47B14CDA578334F10FCFD5B179741B2BDBFE3DC13D78E95FBE98A6F96A2803E69FD88FF00E0917FB3CFFC13D60864F863F0CF43D2F5D8D3636BF7CA751D6A5CAED6C5D4DBA48D5872522291FA2D7D2DB05023507A53A8010A29EDEF4B45140051451400514514005145140051451400514514005145140051451400514514005145140051451400514514005145140051451400514514005145140051451400514514005145140051451400514514005145140051451400514514005145140051451400514514005145140051451400514514005145140051451400514514005145140051451400514514005145140051451400514514005145140051451400514514005145140051457E64FED0FF00F075D7ECD3FB337C7BF1A7C39F1168FF001624D7BC0BAD5DE83A8C965A1DA4B6CF716D3343218D9AED5990B21C12A091D85007E9B515E1FF00B00FFC141BE1BFFC149FE005AFC46F867A9DD5DE8F2DCC96773697B0AC17FA65C21F9A19E256608DB4AB0C3302AEA4139C0F70A0028A28A0028AF93FFE1FA7FB1FFF00D1C47C2FFF00C1B2FF00857B17ECD1FB64FC2FFDB2741D4B55F859E3AF0EF8EB4DD1EE05A5EDC691722E23B694AEE5463D895E71E9401E9D457CCDFF00052CFF0082B1FC21FF008254FC31D3FC45F14354D41AF35C91E2D1B42D26DD6E755D61A3DA64F2A36654544DEBBA491D106E519DCCA0F827FC135BFE0E60F807FF000522F8BF6DF0F6C6D7C4FF000FBC6DA96F1A5D8F88E28160D61972DE5413C523A997682DE5B8427A21739A00FD08D635AB5F0F697717D7F776D63636A8659EE2E2458E285072CCCCDC000773C0AE4FFE1A73E1BFFD142F03FF00E0FAD7FF008BAF17FF0082D58DBFF0491FDA371FF44FF56FFD267AFE28F3401FDF7E8BAFD9F8974982FF004DBCB5D42C6E977C3736D2ACB0CCBEAACA4823AF20D5DAF8FF00FE0812A0FF00C11BFF0067B38FF99562FF00D19257D814005145140051451400514514005145140051451400515E5BFB53FEDA7F0B7F623F87DFF0947C57F1D787FC0FA2BB14825D467C4D7AEA016482150659D802095891880738C57C01E24FF83C23F644D0BC432595A9F8A5AD5BC6E505F59F86912DDC0FE20269E3931F5407D85007EA8D15F1BFEC87FF0005F2FD94FF006D6D52CF49F08FC58D1F4DF125F3048B45F11C6FA2DEC8E58288E3FB4058A690E4616177273D38207D89E6B76E7D01FF003FE7F5A00928A28A0028A28A0028A28A0028A28A0028A28A0028A28A0028A28A0028A28A0028A28A0028A28A0028A28A0028A28A0028A28A002BF893FF0082C31DBFF055EFDA4BFECA56BFFF00A709ABFB6CAFE24FFE0B11FF00295EFDA4BFECA56BFF00FA709A803D27FE0871FF00056FD6FF00E093BFB5B5B6B970D79A87C35F1518F4EF186931316F32DF77C97712F4F3E024B2F7653221237647F60BF0EBE2468BF16BC07A3F8A3C33AA59EB9E1DF1059C5A869BA85A3F9905E5BCAA1E3911BB82A41FC71D6BF8253CAFFF005FFCF15FB6DFF06A57FC16C7FE14878DB4FF00D98FE266A5B7C1BE28BC6FF842354BA9C04D13509589360C5B810DCB9263C1F96E1CAE0F9E4A007F48545442527FAE2A5A00FE00EBFA45FF008323FF0079FB227C6ACFFD0E16BFFA44B5FCDD57F48DFF0006457FC9A27C6AFF00B1C2D7FF004896803E57FF0083D3BE1378BB4DFDBAFE1CF8DEF2CEFA5F03EABE0B8747D3AF36B1B686F60BCBB96E202470B26C9E17E79656E33B0E3F367FE09A5F09BC61F1B3F6F9F847A07806D6F6E3C4D278A74FBAB77B5C86B4486E12592E1987DD48D11DD98E000A739AFED5BE35FC04F04FED23F0FAF3C27E3FF0A681E32F0DDFF33E9BAC5947776ECD8203857042B8C9C38C329E4106B85FD95BFE09D7F037F62296FA6F851F0BFC23E09BCD51765DDE58598FB65C2641F2DA772D298F201D9BB683CE33CD0070FF00F05ACFF94487ED1BFF0064FF0056FF00D267AFE28EBFB5CFF82D5FFCA23FF68DFF00B27FAB7FE933D7F147401FD9EFFC1023FE50DBFB3DFF00D8A917FE8D92BEBFAF903FE0811FF286DFD9EFFEC548BFF46C95F5FD001451450014514D0C6801D4530BB0FCE9F4005145140057897FC1433F6DBF0FFF00C13C3F63DF1B7C5CF1346D7767E16B30D69608DB24D52F257115B5B29C1C6F95D016C1D8BB988C29AF6DAFC48FF83DABE27DEE81FB267C18F07C12491D8F88BC5577AA5C856DAB21B3B5D8818771FE9AC707BA83401F831FB6B7EDB1F113F6FDF8F7ABFC46F895AF5C6B1AE6A6E44316E2B69A5C19252D6DA3C9114499E14724E5989666639FFB3DFEC71F163F6B1BBBD8BE18FC37F1B78F5B4D00DDB683A35C5F25A67A798D1A1543E9B88CD79DD8431CF7D0C724CB04723857958644609C127E95FDCB7EC3BFB39F81FF00652FD93FC0DE08F877A7D858F85749D26DDADDED50017ECF1AB3DD3B7F1C92B1DECE4E496F4A00FE24BE327C03F1B7ECE1E3093C3DF103C21E28F04EBD12890E9FAE699369F71B48C86092AAB15390430E0E47D47F44FF00F067F7C57FDA23E2CFC01F184FF1035CD435CF82DA3BC5A678465D64BCF7A2ED3FD7456B3312C6D234DABB5B2A1C8542BB5D6BF4ABFE0A0DFF0004F4F86FFF000527FD9E754F87BF1174782F21B98A46D2F5458D7EDFA05D1185BAB67C655C100B2E76B81B5832922BBEFD9CBE00784FF655F81BE17F873E08D2E2D1FC2BE12B04D3F4EB58F9DA8BCB339FE291D8B3BB9E59DD98E49268021FDA5BF6A0F02FEC79F08752F1F7C4AF115BF857C21A3C90C577A94F0CB2C70B4D2AC5182B12BB9DCEEABC29C6727039AF983FE2241FD89BFE8BD787FF00F055A9FF00F23570DFF07590D9FF000444F8A58E3FE261A1E7DFFE26D6B5FC8DD007F7D1E14F1658F8E3C2DA76B5A5DC2DD699ABDAC57B673852A278644578D806008DCAC0E080467A56A579B7EC72ABFF000C8BF0AFFEC4FD27FF0048A1AF49A0028A4071485CF6E6801D451450014514500145303165EFF962943E4F5FCA801D4514CDFC7EB400FA29BBB269D400514514005145140051451400514514005145140057F127FF000588FF0094AF7ED25FF652B5FF00FD384D5FDB657F127FF0588FF94AF7ED25FF00652B5FFF00D384D401EC3FF0454FF8257D8FFC157B47F8EDE0FB7BA5D33C71E1BF0ADBEB5E12BC9242B6E2FD6E76F913F6314CA4C65B04A12AE01DBB5BE30F889F0EBC41F05FE22EB1E1AF1269B7DA0F89BC337D2D8EA165723CBB8B2B9898ABA11FDE0C08C8241C641EF5FB2BFF0006469F33F6BAF8D40F6F085A9FFC9D5AFA3BFE0EB3FF008228AFC72F046A1FB4D7C32D37778CBC2F663FE136D36D6125F5BD3A25005FA85FF96D6C80093230D02E723C901C03DABFE0DA3FF82D52FF00C1443E002FC33F885AB4727C66F87F6A91C935C484CDE28D3936AC77DCFDE9D32126E49276C9FF002D085FD4DAFE11BF662FDA57C5DFB1F7C78F0CFC46F02EA92693E28F0A5E2DE5A4EA7E4931C3C520E8F1BA928EA7865623D0D7F657FF0004B6FF00828F7847FE0A87FB23681F133C2F2476B7B2A8B2F10E905F74BA1EA48AA66B76EE5790E8FC6F8DD0E01255403F891AFE917FE0C8BFF9344F8D5FF6385AFF00E912D7F3755FD237FC1915FF002689F1ABFEC70B5FFD225A00F6EFF838DBFE0B6FF157FE0909ACFC22B6F86BA07C3FD717C7D16AF26A07C4D617972613686C84422FB3DD41B73F687DDBB7670B8DB839F8F7FE09A7FF00075C7ED13FB64FEDEBF0AFE16F89FC1BF062C7C3FE38D7A1D2EFEE34AD23538EF2289C365A2792FE440C31D59187B533FE0F926DBE27FD9A7FEBD7C487FF001FD2BFC2BF327FE0839FF2988FD9E7FEC70B6FE4F401FD51FF00C16B3FE5121FB477FD93FD5BFF00499EBF8A3AFED73FE0B5BFF2890FDA3BFEC9FEADFF00A4CF5FC51D007F675FF040E9367FC11BFF0067BF4FF84522C7FDFD93FCFBD7C4BFF05C3FF83A4B50FD83FF00687B7F85BF0234BF03F8D3C45E1FDE3C5F7FAF5BDCDDD8584E71B2CA0FB3DC405A64F98C8492AA5953EF070BE33F127FE0B8969FF04E2FF8205FC01F86DE00D4A297E3678DBC0E8B6EF0B2B37852C9E4950DF38E71337CC2153D482E78501BF08746D075CF8A7E37B3D374DB4D53C41E24F115EA416D6F023DD5E6A5753B80A8AA32F248EEC060649240EBD403F607E1AFFC1E0FFB62FC63F881A3F85BC2DF0AFE07EBDE22D7EEA3B1D3F4EB3F0FEAF24F77339C2A2A8D4F9CFAF41D490066BFA0DFD906FF00E2E6A3F00741BBF8E0BE08B7F8917D17DA353B2F0A5A5C41A6E9DBB045BA99E799E4741C34818296E8B8009F837FE0DF0FF8202697FF0004D0F045BFC46F88B6F67AC7C72F10D9E240312C1E12B77C136B030C869C8E2595723AA21280B49F467FC16EBF6EAB9FF8275FFC136FE217C44D1E444F153C11E8BE1C2D83B351BB7F2A39803C130AB4936DC1C8871D0D007C9FFF0005A0FF0083A37C27FF0004FAF1B6A5F0CFE13E8FA57C47F8A5A5930EAD71792B8D13C3B303CC12F96564B89C7F1471BA2C64E1A4DE1907E33FC4FF00F839BFF6D6F89DAAC93FFC2E09BC3D6BBB7A59E89A1E9F69141EC1BC869587FBEEC6BE0BD4755BAD5EFEE2EAEAE26B9BABA91A59E695CBC933B1CB3331E59893924F24D7F4B7FF00042CFF00836C3E0DF87BF63FF09FC46F8E7E0DB3F1F78F7C7FA6C3AC8D37570E6C740B49D44904220C80D318991A46901DACC5001B72C01F9A7FB347FC1D93FB5E7C11F11DA49E28F12787BE29E8909DB369FAF68D6D6EEF1F7DB7168914A1FD19CC8067956E95FD07FF00C127BFE0B13F0C7FE0AD7F08AE35AF0734DA1F8AF4358D7C45E15BE955AF74777CE1D5C0027B7620EC9940CE30CA8D951F94BFF072EFFC1BE9F0D7F670FD9C6E7E3F7C0DD047846D7C37776F078ABC3D6B2BB581B59E45812EEDD58B18DD277895A35F94AC85F0BB0EEFCB3FF823E7EDCDAA7FC13C7FE0A07F0FBE21D95D4F0E923504D2BC436EB26D4BED32E19639E37EC76E44A01E03C487A8A00FED728A86D6F52F208E68D96486550E8F19DCAEA464107A11CF07BD4D9A002BF293FE0EEEFD8F35AFDA43FE09B763E34F0FD8B6A17DF07F5B1AE5F431465E53A64D134172EB8E7F76C60958F411C5213C2D7EAB79AC3EF119CF0077A6EA1A65BEAD61716B756F0DD5ADD46D14D0CA81E39518619594F054824107839A00FE0402AA81BBDBF9715FA81FF049CFF83A13E2D7FC13CFC27A67807C69A547F16BE196928B6F636B73746DB57D1211C2A5BDD6D60D12768A5438002ABC62BED0FF0082AFFF00C1A069E37F13EB1E3AFD98B54D33489AF647B99BC09AAC860B40CDF3116373C888139C45300833C488A028FC3DFDA73F62EF8B1FB1878BC687F153E1FF008ABC0DA848CC90FF006A5934705D85E0B4137314CA31F7A3665ED9A00FEB83FE09F5FF0005DAFD9BFF00E0A3B359E9BE09F1B2E8DE30BC5CFF00C22BE238869DAAEEEEB1824C539E73FB89242075C741F61938ED5FC0869FA95C6937F05D5ADC4D6B756F22CD14D13949227520AB291C86040208E4115FD277FC1AE1FF0005D0F137ED853DDFC01F8C1AAB6B3E36D0F4F37DE18F105C39377ADDAC5C4D6B7071F3CF0A90EB264B3A6FDDCC7B9C03E61FF83A5FFE0B29F13B52F8FDF1A3F6419342F017FC2B5B197419E3D48595DFF6E126CF4FD4F99BED3E463CF765FF0051F7303EF7CD5F88F5FBE5FF00074CFF00C1133EC175F18BF6CE3F137CCFB7CFA0C23C1E3C3BC2621B1D2B3F6EFB573FEAFCDE201D767FB75F81B401FB45FB07FF00C1D89FB456B9F15FE0D7C239BC1BF0553C3779AB689E107B95D235317C2D1A682D0B8637FB3CD11F3929B777F0E38AFDDCFF0082847FC14A3E15FF00C132BE08BF8E3E28EB5259C170EF0697A559A09F53D72750098ADA2246E2010599CAA2646E65C8CFE43FEC41FF00068547E15D6BE10FC689BF6894F2F4E9F45F1A3E94FE04F2C108D0DE1B7371FDA38038D9E66CC7F16DED5F969FF05A9FF82916ABFF000539FDBC7C55E3692F26FF008437489E4D1BC1F6658F976BA5C2EC23936903124E7333F19064DB92117001F5CFED7BFF0007877ED21F18BC47711FC2BB0F0BFC21F0EAC8DF66DB6116B5AA489DBCE9AE51A1278CE1204C648CB601AF9DBC3BFF0007287EDB1E1BD7DB508BE3B6B1732484178AF346D32E6DDB1D4796F6C5541FF640AE4BFE090FFF00047AF885FF000573F8D97DE1FF000BDD5BF86FC2BE1C8E39FC47E25BC85A6834C490B08E348D4A9967936BED8F72821589650335FABDF14BFE0C8EF0ABFC39B8FF00842BE3978817C5B0C24DB9D6F4685B4DBA940E11BCA61242AC782C3CC2B9276BE304038FFF008271FF00C1E5BAE43E26D37C37FB4C78574FBAD1EE64581BC61E19B6686E2CB39CC9756596595795C980A15552444E4E2BF7BBE187C52F0FFC6AF87BA378B3C27ACD8EBFE19F10DA25F69BA8D9C82482F2171B95D587B7041C10720E08AFE18FF693FD9CBC61FB247C74F137C37F1E6913E87E2DF0A5D9B2D42CE42182B603ABA30E1E374657475CAB2BAB0C820D7ECA7FC19CFF00F0529D5B42F8B5AD7ECD3E24D424BAD075EB59F5CF09899F3F60BC886FB9B74CFF0004B1E65DBD9A2623973401F6E7FC1C69FF0005BDF8B1FF000487F12FC25B3F86BE1FF87BAE47E3CB6D527D40F89AC2F2E5A136AF6823F2BC8B980283E7BEEDDB89C2E36E0E7E16FD93BFE0F2BF8C9E32FDA3BC23A6FC58F0DFC18F0EFC37B9BDC788751D2F44D505F5B5AAA3339877DFC8BE61C00A0A36490315D0FF00C1F17F278F3F670C7F1587880FFE44D3ABF086D6DE6D42EE386149269A6611A228DCD21380140EE7A605007EACFEDE3FF076EFED17F1E7E246A307C21D42D3E0FF00812391E1B282DF4FB6BCD5AEE204E24B89E7490248473B600817EEE5F1B8FDF5FF0006A4FF00C14C3F686FF8285F8B3E2D59FC5CF1F3F8CFC3BE03D374D165F69D32D2DEE23B9BB927C132C312348365B4830E58E5ABC2BF61EFF83319BE23FC11D1FC49F1A7E266B7E13F126B96C9747C3DA0D842EDA4A3A8658E79E42C1A5C1F995502A9C8DCFD6BEC6FD977F608D0FF00E0D8AFD883F69BF899078C1FE205ADD595B6A9A77DB34E16732CD6F1CB0D9DA4DB646560F7576AA5D4AFCAF9DA08E403AAFF0082D37FC1C65E03FF008258DF4BE06F0EE9B1FC41F8C324292B690263158684AEA1A392F65505B2CA432C2837329C968C1527F0DFE33FFC1D1BFB687C63D5AE25B6F8A167E0BB19A532C7A7F87B41B2B786DF9C8559658A4B82A3A00D2B13DF35F0AFC57F8A9AF7C70F897AF78C3C51A9DCEB1E23F135FCFA9EA57B70DBA4BAB895CBBB93EEC7A0E00C018000AFDE6FF836EFFE0DDEF85BF17FF659D27E3CFC74F0F43E36BBF1B34B2786FC3B7ACFF60B0B2491A217132291E74B2B23328625163D8704B1DA01F0AFC03FF83A9FF6CAF831AE5A4DAB78FB49F885A55AB86934CF11E8368C932F70D35BA4338FAF99D715FBD7FF000468FF0082F37C3AFF0082B8786AE34982CDBC15F14F44B6FB4EABE18B8B8132CF08214DCDA4BB479B0EE650415574DC3208C3B7C79FF05F8FF836E3E11FFC323F8A3E2D7C08F09DAF80FC5DF0EF4F9358D4347D2CB0D3F5CD3E105EE311162239A388348A63C07F2CA95259587E02FEC75FB53F8A3F627FDA6BC17F147C1F74F6FAE7837528EFA34F30A4777183896DE4C758E58CBC6C3FBAE6803FBAEA2B97F83BF14F4FF8DFF09BC2DE34D12469344F1869169ADE9ED2001DADEE6149A22402403B1D7382457514005145140051451400514514005145140057F127FF000588FF0094AF7ED25FF652B5FF00FD384D5FDB657F127FF0588FF94AF7ED25FF00652B5FFF00D384D401FA4DFF0006457FC9DDFC6AFF00B13ED7FF004B56BFA4296D639E168E48D648E40559186E5607A823DEBF9BDFF8322BFE4EEFE357FD89F6BFFA5AB5FD235007F2A7FF00072FFF00C1148FFC13C3E3C1F89DF0EF4968FE0DFC42BB6648208F11F85F5262CF259607DD81F05E1380002D1FF0296F9EFF00E0899FF0564F107FC126BF6BAB1F14336A3A97C38F1214D3BC65A240C0FDBAD7276DC44AC429B9B72C648F257702F196512961FD787ED39FB37F843F6BAF811E26F86FE3AD261D63C2DE2AB36B3BCB77E1933CA488DD524460AE8C3956406BF8D7FF0082A57FC138BC5DFF0004BEFDAEBC41F0D7C4D1CD75A7A31BDF0F6AFB36C5AE69AEC7CA994F40C31B1D07DD91187230C403E6BAFE91BFE0C8AFF9344F8D5FF6385AFF00E912D7F3735FD237FC1915FF002689F1ABFEC70B5FFD225A00F27FF83E53FE469FD9A7FEBD7C49FF00A1E975F995FF00041CFF0094C4FECF3FF6385B7F27AFD35FF83E53FE469FD9A7FEBD7C49FF00A1E975F995FF00041CFF0094C4FECF3FF6385B7F27A00FEA8FFE0B5BFF002890FDA3BFEC9FEADFFA4CF5FC51D7F6B9FF0005ADFF0094487ED1DFF64FF56FFD267AFE28E802E5E5E4F792AB5C4D34EC91AC4A5DCB15451B55467B05C003B74AFD83FF00833BFC53F0174AFDB13C45A7F8E34D5FF85D5A85A81E02D4B50757B248C231BB82D908FDDDEB27CC24258B442454F2FE71370DFB637FC111D75FFF0082317C0FFDA8FE186998BEB5F0942FF1034DB74FF5F12B3AAEA8807F1200166C755024ECE4FE5FF857C59AA7817C53A6EB9A26A37DA4EB3A2DD477B617D67334371673C6E1E3923753947560181073919CE6803FBE411807A735F8B5FF0007B3F8867B5FD873E11E928CC2D6FBC74D77228FBA5E1B0B84427DF133E3F1AFA77FE0DFEFF82D469BFF000555FD9DBFB2FC4B716361F19BC130245E24B040B12EA71642A6A3020E3CB7C80E8A311C871C2B267CBFFE0F02FD9CB50F8CFF00F04AF87C51A6C524D37C2FF14D9EB976A885D8D9CA92D9CA7039C2C9730B16E815189E39A00FE576BE9CB0FDA93F6C9D32CA0B7B5F88DFB4CDB5B5AA08E18A2D7F5B48E15030AAA049800000003D2BE63AFEE2BFE09C7FB5DE85FB73FEC53F0E7E26E81790DD43E22D1A037D123876B0BE4458EEAD9F1D1E3983A9CE3200603041201FC80F8E3E3BFED6BF13FC277FA0F89BC65FB45788B43D523F26F74ED4F56D66EED6F1339DB245231575CF38604645792FFC33E78FF3FF00223F8C3FF04D71FF00C457F681FF000532FF008295F80FFE0969FB33DC7C48F1D9B8BE8DAEE1D3F4CD1EC9D16FB59B891865210E42FC91879189380A87B9507E43F83FFF0007777EC8BF12D2D63D6350F1EF822EEE36ABC7AAF87DA74858E38DF6AD302067AE05007DADF0265F1178CFFE09DFE0D934FF00B459F8BF55F87362D6ED2B7933437D26989B092DF7584AC324F208AFE7C7FE1DA9FF000592FF00A193F680FF00C3EB6DFF00CB6AFE9C345D620D7748B5BEB5666B6BC852E22668DA3664650C32AC0329C11F29008E840357A803E01FF837AFE057ED43F007F650F17697FB556A5E2CD4BC6375E2C96E7491E22F1647E24BC8EC0DA5AA802E1279C2C666597119901077B6D1BB27EF9F35831CF453E9D79A936035F8FDFF000721FF00C1C1371FB0959EA1F037E11497107C5DD5ACE39355D73C9FDDF85ED664DCBE4EE187BA910E55802B1AB6ECEFC0001FAF824565F948EBDBF23FAD73BF17FE0A783FF681F005F7857C73E19D0FC5DE1BD4D76DD69BAB5947776B2F5C128E08DC3390C39079041AFC18FF0083657FE0E09F0E7C30F04C5F003E3D7893FB261FED09EE7C29E2BD56726166B999E69AD2F276395633C923A4CE71FBD2AC576AE7F7B35AF8B5E18F0EF81A4F146A1E24D0ACBC350C4677D566BF892C963C677F9C5B66DC739CF4A00FE423FE0E08FF00826AE87FF04BFF00F82856A5E0DF08C971FF00083F8A34A83C51E1DB79A569E6D3ADA696685ED5E46E5FCB9ADE60A5896F2CC5B999B731E33FE0873E3DBCF873FF000572FD9F751B19648E59BC67656126C6DA5A1B96FB3CABC7AC72B0C7435E87FF0007167FC1437C3FFF00051EFF0082936B1E27F07DC25F7827C1FA4DBF84F41BE5528BA94304934D25C007F85EE2E67D87F8A3543D4F15FF00E0DC1FD9FB50FDA0BFE0B11F0761B487CCB3F08EA2DE2AD4243F7618AC91A4527EB37929F57A00FDFAFF0083ACBE5FF82227C52C7FD04343FF00D3B5AD7F2375FD727FC1D67FF2843F8A5FF610D0FF00F4ED6B5FC8DD007F685F1B7C6D7FF0D7FE085BE28F10E95208754D0FE065CDF59CBDE29A3D0199187D1803F415FC5F99091F863815FDC27C31F85165F1E3FE09A9E1DF03EA5B7FB37C65F0CEDB43BAC8F94C575A52C0F91E9B6435FC4DFC52F85FAC7C19F897E22F08788AD1F4FF0010785753B8D2752B66EB05C41234522FE0EA467DA803FAAAFF00834B3E14E8BE02FF008232783B5CD3ADE18F52F1CEB7AC6ABAACAABF3CD3457B2D926E3ED0DA4581D393DC927F4B8C6AC73DFEB5FCFB7FC1A45FF0580F08FC31F03EA5FB35FC47D7AC7C3AD26A526ABE0AD42FE5582DA73395FB4583487011FCC0658F71F9CCB22E72101FDECF881F137C3FF0A7C157DE23F136B9A5787F41D36137175A8DFDD25BDAC118192CCEC42818E7AFE7401FCEDFFC1ED1F06346F0B7ED53F067C77671C70EB1E30F0DDEE97A90440BE72D84F1B432B11CB31178C849E76C483A2803F3F3FE084BE26BAF0AFF00C1617F679BAB5691659BC656966C54F3E5CFBA17FC36C8D9F6CD775FF070A7FC14EF4FFF0082A17EDF179E20F0BC9349F0F3C1560BE1DF0CC922345FDA11248F24D7A51B95F3A576DB900F949086018115D17FC1AF1FB2FDFF00ED13FF000579F00EA70C331D27E1AC771E2BD4E6542C910850C70293DB75C4B101EC0F5C1A00FB53FE0F8E3FF15FFECE1FF60FF107FE8CD3ABF2BBFE08EFF0CEC3E2F7FC152FE01F87B54856E74FBEF1B69AF7111E9224532CA54FB1D98C57EA8FFC1F1DFF0023EFECDFFF0060FF00107FE8CD3ABF347FE083A377FC1623F679CF3FF1585B7F27A00FED0F628ED5F977FF000779F8AEF3C39FF0475D52D2D66922875FF176916178A0E04B12BC97014FA8F3208DBEAA2BF516BE0BFF008394BF66EBCFDA67FE08EFF15AC74BB59AF356F08C56FE2BB38A3E495B29964B838EF8B5FB490073C0A00FE3E37715F46F813F691FDACBC29E0BD2B4DF0CF8FBF689D3BC3B61691C3A6DA697AE6B10D95BDB85FDDAC291B8458C2E3014631D2BE7531A835FD90FFC1BEFFB60687FB60FFC12A3E13DE69D7B6B26B5E08D16DBC21AEDA23E65B3BAB1896DD77AF51E6C2914C3B112FB1C007F2E5AD7ED39FB62F88F47BAD3F50F883FB4B5FE9F7D0BDBDCDB5C6BBADCB0DC44EA55D1D19C8656524104104120F5AF1AFF00867DF8818FF911FC61FF00825B9FFE22BFB6EFDB77F6CCF077EC0DFB3278A7E29F8EEF16D743F0CDB19160475171A95C1E21B5841FBD2CAE4281D00258E02B11F007C20FF83C3FF64FF1F5A43FF09143F11FC0F7521C3A5F6862F224FF0081DB49213FF7CD007D2FFF00040EBAD62EFF00E08F1F01575EB7BFB5D4AC7C3DF60786F6378E6852DEE2682352AC0300238D00047403B57D7E5D81F5EDD2B9AF847F15F41F8E7F0AFC3FE34F0BDD3EA5E1CF1569F0EA9A65D1B692DCDD5B4C8248E4D922ABA8656046E03839E9CD74B73670DE40F1CD1472C7229474750CACA7A820F51ED40125145140051451400514514005145140057F12BFF05834DDFF00055AFDA499BEF7FC2CAD7C7B7FC8427AFEDAABC7FC55FF0004F3F803E3AF136A1AD6B9F03BE0FEB3ACEAD7125DDF5FDF78374EB8BABD9A462CF2CB23C259DD9892598924924D007E0DFF00C1923F27ED75F1A76FFD09F6B9FAFDB56BFA44AF3FF83FFB267C2BFD9EB54BBBEF00FC33F87FE07BDD422105D5C787FC3D69A64B73183908ED0C6A594119C12466BD0280136815F1A7FC16C7FE093FA17FC1593F642BEF0B85D3F4DF885E1DDFA8F8375AB85216CAF3037412B282C2DEE0288E40036D3B24DAC62553F66521404D007F04FF00147E166BDF057E246BBE11F1569377A17893C337F2E99A9E9F7236CD6971131492338C8E181E41208E4122BFA23FF8322BFE4D13E357FD8E16BFFA44B5FA0DFB5BFF00C10E7F657FDBA7E31DC7C40F8A3F09ACBC45E30BCB586CEE751835AD4B4C7BA8E21B63F352D2E22491D570A1D94BED445CED4503D0BF622FF82737C1AFF8271F8435AD07E0CF837FE10DD27C4578B7FA841FDAD7DA8FDA275411ABEEBB9A565C28C61481ED9A00FC61FF0083E330DE28FD9AF7F1FE89E24E9FEF6975F993FF00041E2A3FE0B0FF00B3CFFD8DF6DC7E0FFE7B57F611F18FF65EF867FB4549A7B7C41F877E05F1D3690241627C43A0DAEA86C849B7CCF2BCF47D9BB62676E33B173D0573BE0AFD803E03FC36F15D86BDE1DF827F09340D734A944F65A8E9BE0FD3ED6EECE41D1E3963843A37BA906803CE7FE0B52FFF001A93FDA315BA9F87FAB7E3FE8CF9AFE296BFBE9F17782F47F881E17BED0F5ED2B4ED7345D5206B6BDB0D42D92E6D6F2261868E489C157461C156041F4AF22FF87657ECDBFF0046F9F03FFF00085D2FFF008C5007937FC106EC2DF55FF82307C02B4BAB786E6D6EBC2490CD0CA81E3991A49432B29E0A91904118238AFE7EBFE0E39FF822ACFF00F04C7FDA023F1A7826CE693E0AFC46BD95B490AACCBE1BBD3991F4D91B18DA5773C049DCC88EBC9899DBFAB8F04F80F43F869E13B1D07C37A2E93E1FD0F4B8BC8B3D3B4DB48ED2D2D23EBB238A301117D9401557E277C26F0AFC6BF085C787BC65E19F0FF8BB40BB6479F4CD6B4F8AFECE66460C85A2955918AB0041238201A00FE1DFF638FDAEFC6DFB0C7ED1DE1AF89DE00D524D37C45E1AB91220DC7C9BD84F12DB4CA3EFC32292ACBE872304023FB02FD85FF6CFF85BFF0005A7FD8426D7ACEC6DF50D03C55633F87FC5DE1ABC6DF269B3BC5B2E2D25F552B26E4718DC8CAC3072076DFF000EC7FD9B71FF0026F7F043FF00085D2FFF008C5771F077F664F86DFB3BFF00687FC2BFF87DE08F02FF006B797F6EFF00847B43B5D2FEDBE5EED9E6F9089BF6EF7C6ECE371C753401FC90FF00C164BFE0871F11FF00E0949F152FAE9EC750F137C21D4EEDC787FC5B044648910B1D96B7A540105D28E3040593059338654F03FD92FF00E0A25F1BBF6159EF9BE12FC4AF1378261D5183DDDA594EB259DCB818123DBC81A2670060395DC0719C715FDC36BBE1ED3FC51A2DDE9BA958DA6A3A7EA11341736B750ACD05C46C30C8E8C0AB291C104608AF8D7E2DFF00C1BAFF00B16FC6BF10CBAA6B1F00FC2F677937DE1A1DEDF6876E0FB41633C310FC16803F925FDA73F6BFF89FFB66F8E57C49F153C73E22F1C6B50A18A09B54BB6952D10E094863E121524025635504F24679AFD3CFF83723FE0DF5F177ED2FF187C2FF001CBE2EF87EE341F847E1B9E3D5B47D3B5384C573E30B85F9EDD9226008B20C164691B8970A8A1959DD7F70BF675FF82177EC93FB2AF8922D63C19F033C1F06AD6EEB2DBDE6ADF68D726B475395789AFA498C4E0F464C30F5AFAC0205EDEF40014523A53A8A2800AFCDBFF8384FFE086B69FF00055AF8416BE2AF04AE9BA5FC6CF04DBB45A55C5CB0861D7ECF2CEDA7CF27F09DC59A191BE547660C5564675FD24A698D58F4A00FE0CFE347C13F16FECEBF12F56F0678EFC3BAC7857C51A0CDE45F699A8DB982E2DDB008C83D54A90CACB9565219490C0D72A6EE530F97E63F961B704CFCA0F4CE3A57F735FB577EC0DF067F6E4F0F47A6FC59F86FE16F1C456F198ADAE2FED00BEB25272441749B67872793E5BAE715F24AFF00C1AADFB0FF00F6A7DA3FE1536A5E4939FB37FC25FACF943F1FB56FFF00C7A803F939F86BF0C3C45F19BC75A5F85FC27A1EADE25F126B930B6D3F4DD36D9EE6EAF643FC28880B31E33C74C127806BFAAEFF0083733FE089F77FF04AFF0081DAB789BC7DF639BE317C448A1FED586DE41345E1EB28F2D1D8248090EE58EE95D4EC2E115772C61DFEC6FD937FE09E1F047F617D2A4B5F84BF0CBC2BE0A79A2F267BDB3B5F3350BA8F39D935DC85AE25507901E4603B57B208D57B5007E73FFC1D5A4BFF00C1113E2967B6A1A1FF00E9DAD6BF91DC57F7B9F127E14785FE33783EE7C3BE30F0DE83E2CF0FDE146B8D3359B08AFECEE0A30742F14AAC8DB580619070403D6BCBFF00E1D95FB36FFD1BE7C0FF00FC2174BFFE31401D2FEC74DBFF00645F85BC8C7FC221A4FA7FCF9435F90DFF00072EFF00C1BCFE24FDA7FC6FA87ED0BF02F49FED6F174968BFF097F856D97175AD1850225ED9AF492E046A15E104348235281A4243FEDE695A45A683A5DB58D8DADBD9D959C4B05BDBC1188E28235002A228C055000000C0000A9BCA5F4EBD73DE803F815D6342BDF0EEB573A7EA56773637D6323C1716B7319866B7914ED6475600AB0604104673C75AB5AC78EB5CF1168B65A6DF6B3AB5F69BA582B696B3DDC92436808C1F2D092A83FDDC57F6D9FB557FC131FF0067FF00DB72469FE297C25F0678B7507458CEA73590B7D4C20E882F2129701467EE8931ED5F3FE91FF06C57EC37A36A8B790FC0DB779636DCA93F8A75B9E307DD1EF0A9FA106803F943FD97BF64FF0088BFB677C58B2F03FC30F0A6B1E30F12DF11B2D6C21DCB6E990A659E43848625246649195173CB7407FAD0FF0082187FC11F747FF8247FECC12693797163AD7C4BF173457BE2BD62DC1F24BA03E5DA40CC0318210CC03100BB33B90B90ABF557C0AFD99FE1DFECC1E113A0FC38F03F84FC0BA3B3891ED342D2E1B08A67031BDC46ABBDF1D59B2C7B9AEDCA022803F9EBFF0083E23E6F1EFECE39E71A7F88303A7FCB4D3EBF34BFE083FB57FE0B0FFB3CF3FF00337DB74EFC3D7F60DF18FF0065BF865FB44CFA7CBF103E1DF817C7526921D6C5FC43A0DAEA8D661CA971199D1B66EDAB9DB8CED1E95CFF0082BF601F80FF000D7C5563AEF877E0A7C25D035CD2E513D96A3A778434FB5BBB4907478E58E20E8DEEA41A00F5CA8351D32DB57B19ED6EEDE1BAB5BA8DA19A19503C73230C32B29E194824107822A7A2803F93EFF82F4FFC1BFDE34FF8277FC59D7BC7DF0FB41D43C41F02358B87BCB5B9B38DAE24F09073B8DADD800B2448C76C731CA95DA19B7E41F86BF659FDB53E2BFEC49E34B8F107C29F1F7893C0BAA5F4421BA7D32E76437A8B9DAB3447314A14B12A1D5829391835FDD14F6D1DD42D1C88B24720DACAC32AC3B823B8F6AF90BE3A7FC101FF0063BFDA2FC40DAA789BE02F83E3BE9096924D124BAD004AC4E4B3AD84B02B31EECC093DCD007F251FB58FEDF5F19BF6E8D6ACEFBE2D7C47F1378E24D301FB1C37D7005A59E7AB456F1858519B3CB2A0270327815F607FC1097FE0813E36FF0082977C57D1FC65E32D2F50F0EFC07D22E96E352D56E51A17F13046FF008F3B2CF2FB986D7987C91AEEC317014FF41DF04BFE0DF5FD8DFF0067EF10C7AA787FE03784EE6FA2C147D767BBD7A3460721963BF9A645618E182E47622BEC5B4B186C2D638608A38618542471A2ED54503000038000E314014B45D16DFC39A758E9FA7DBDAD8E9B616E2DA0B6B6844714289B551102FCA88AAB80B8E980318E74A9A2251FC229D400514514005145140051451400514514005145140051451400514514005145140051451400514514005145140051451400518A28A0028A28A0028A28A0028A28A0028233451400514514005145140051451400518A28A0028A28A0028A28A0028A28A0028A28A003145145001451450014514500145145001451450014514500145145001451450014514500145145001451450014514500145145001451450014514500145145001451450014514500145145001451450014514500145145001451450014514500145145001451450014514500145145001451450014514500145145001451450014514500145145001451450014514500145145001451450014514500145145001451450014514500145145001451450014514500145145001451450014514500145145001451450014514500145145001451450014514500145145001451450014514500145145001451450014514500145145001451450014514500145145001451450014514500145145001451450014514500145145001451450014514500145145001451450014514500145145001451450014514500145145001451450014514500145145001451450014514500145145007FFFD9)
GO
SET IDENTITY_INSERT [dbo].[PERMISO] ON 

INSERT [dbo].[PERMISO] ([IdPermiso], [IdRol], [NombreMenu], [FechaRegistro]) VALUES (1, 1, N'menuUsuarios', CAST(N'2023-09-17T12:21:46.790' AS DateTime))
INSERT [dbo].[PERMISO] ([IdPermiso], [IdRol], [NombreMenu], [FechaRegistro]) VALUES (2, 1, N'menuMantenedor', CAST(N'2023-09-17T12:21:46.790' AS DateTime))
INSERT [dbo].[PERMISO] ([IdPermiso], [IdRol], [NombreMenu], [FechaRegistro]) VALUES (3, 1, N'menuVentas', CAST(N'2023-09-17T12:21:46.790' AS DateTime))
INSERT [dbo].[PERMISO] ([IdPermiso], [IdRol], [NombreMenu], [FechaRegistro]) VALUES (4, 1, N'menuCompras', CAST(N'2023-09-17T12:21:46.790' AS DateTime))
INSERT [dbo].[PERMISO] ([IdPermiso], [IdRol], [NombreMenu], [FechaRegistro]) VALUES (5, 1, N'menuClientes', CAST(N'2023-09-17T12:21:46.790' AS DateTime))
INSERT [dbo].[PERMISO] ([IdPermiso], [IdRol], [NombreMenu], [FechaRegistro]) VALUES (6, 1, N'menuProveedores', CAST(N'2023-09-17T12:21:46.790' AS DateTime))
INSERT [dbo].[PERMISO] ([IdPermiso], [IdRol], [NombreMenu], [FechaRegistro]) VALUES (7, 1, N'menuReportes', CAST(N'2023-09-17T12:21:46.790' AS DateTime))
INSERT [dbo].[PERMISO] ([IdPermiso], [IdRol], [NombreMenu], [FechaRegistro]) VALUES (8, 1, N'menuBackup', CAST(N'2023-09-17T12:21:46.790' AS DateTime))
INSERT [dbo].[PERMISO] ([IdPermiso], [IdRol], [NombreMenu], [FechaRegistro]) VALUES (9, 2, N'menuVentas', CAST(N'2023-09-17T12:55:21.080' AS DateTime))
INSERT [dbo].[PERMISO] ([IdPermiso], [IdRol], [NombreMenu], [FechaRegistro]) VALUES (10, 2, N'menuCompras', CAST(N'2023-09-17T12:55:21.080' AS DateTime))
INSERT [dbo].[PERMISO] ([IdPermiso], [IdRol], [NombreMenu], [FechaRegistro]) VALUES (11, 2, N'menuClientes', CAST(N'2023-09-17T12:55:21.080' AS DateTime))
INSERT [dbo].[PERMISO] ([IdPermiso], [IdRol], [NombreMenu], [FechaRegistro]) VALUES (12, 2, N'menuProveedores', CAST(N'2023-09-17T12:55:21.080' AS DateTime))
INSERT [dbo].[PERMISO] ([IdPermiso], [IdRol], [NombreMenu], [FechaRegistro]) VALUES (14, 3, N'menuVentas', CAST(N'2023-09-17T17:29:38.447' AS DateTime))
INSERT [dbo].[PERMISO] ([IdPermiso], [IdRol], [NombreMenu], [FechaRegistro]) VALUES (15, 3, N'menuCompras', CAST(N'2023-09-17T17:29:38.447' AS DateTime))
INSERT [dbo].[PERMISO] ([IdPermiso], [IdRol], [NombreMenu], [FechaRegistro]) VALUES (16, 3, N'menuClientes', CAST(N'2023-09-17T17:29:38.447' AS DateTime))
INSERT [dbo].[PERMISO] ([IdPermiso], [IdRol], [NombreMenu], [FechaRegistro]) VALUES (17, 3, N'menuReportes', CAST(N'2023-09-17T17:29:38.447' AS DateTime))
INSERT [dbo].[PERMISO] ([IdPermiso], [IdRol], [NombreMenu], [FechaRegistro]) VALUES (26, 3, N'menuProveedores', CAST(N'2023-11-14T23:15:10.067' AS DateTime))
SET IDENTITY_INSERT [dbo].[PERMISO] OFF
GO
SET IDENTITY_INSERT [dbo].[PRODUCTO] ON 

INSERT [dbo].[PRODUCTO] ([IdProducto], [Codigo], [Nombre], [Descripcion], [IdCategoria], [Stock], [PrecioCompra], [PrecioVenta], [Estado], [FechaRegistro]) VALUES (8, N'011', N'Remera Nike Sportswear 1', N'No necesitarás mucho para lucirte. Tiene un diseño simple y casual pero muy llamativo.', 1, 16, CAST(2000.00 AS Decimal(10, 2)), CAST(3000.00 AS Decimal(10, 2)), 1, CAST(N'2023-11-14T21:22:08.020' AS DateTime))
INSERT [dbo].[PRODUCTO] ([IdProducto], [Codigo], [Nombre], [Descripcion], [IdCategoria], [Stock], [PrecioCompra], [PrecioVenta], [Estado], [FechaRegistro]) VALUES (9, N'012', N'Remera Nike Sportsfit', N'Diseño simple y casual pero muy llamativo creado con un cuello redondo, magas cortas.', 1, 10, CAST(2200.00 AS Decimal(10, 2)), CAST(3500.00 AS Decimal(10, 2)), 1, CAST(N'2023-11-14T21:22:08.020' AS DateTime))
INSERT [dbo].[PRODUCTO] ([IdProducto], [Codigo], [Nombre], [Descripcion], [IdCategoria], [Stock], [PrecioCompra], [PrecioVenta], [Estado], [FechaRegistro]) VALUES (10, N'013', N'Remera Nike Swoosh League', N'Especial para todos los ambientes en lo que prefieras usarla.', 1, 10, CAST(2000.00 AS Decimal(10, 2)), CAST(3500.00 AS Decimal(10, 2)), 1, CAST(N'2023-11-14T21:22:08.020' AS DateTime))
INSERT [dbo].[PRODUCTO] ([IdProducto], [Codigo], [Nombre], [Descripcion], [IdCategoria], [Stock], [PrecioCompra], [PrecioVenta], [Estado], [FechaRegistro]) VALUES (11, N'061', N'Zapatillas Nike Court Borough Low', N'Combinalas con lo que quieras, eso no es un problema, sino una ventaja.', 3, 0, CAST(0.00 AS Decimal(10, 2)), CAST(0.00 AS Decimal(10, 2)), 1, CAST(N'2023-11-14T21:22:08.020' AS DateTime))
INSERT [dbo].[PRODUCTO] ([IdProducto], [Codigo], [Nombre], [Descripcion], [IdCategoria], [Stock], [PrecioCompra], [PrecioVenta], [Estado], [FechaRegistro]) VALUES (12, N'062', N'Zapatillas Running Nike React Pegasus', N'Diseñadas para que brindar comodidad, tracción y protección en terrenos difíciles.', 3, 7, CAST(25000.00 AS Decimal(10, 2)), CAST(35000.00 AS Decimal(10, 2)), 1, CAST(N'2023-11-14T21:22:08.020' AS DateTime))
INSERT [dbo].[PRODUCTO] ([IdProducto], [Codigo], [Nombre], [Descripcion], [IdCategoria], [Stock], [PrecioCompra], [PrecioVenta], [Estado], [FechaRegistro]) VALUES (13, N'063', N'Zapatillas Nike Revolution Nature', N'Suma más y más kilómetros, aportan amortiguación y confort a cada paso que des.', 3, 14, CAST(30000.00 AS Decimal(10, 2)), CAST(45000.00 AS Decimal(10, 2)), 1, CAST(N'2023-11-14T21:22:08.020' AS DateTime))
INSERT [dbo].[PRODUCTO] ([IdProducto], [Codigo], [Nombre], [Descripcion], [IdCategoria], [Stock], [PrecioCompra], [PrecioVenta], [Estado], [FechaRegistro]) VALUES (14, N'051', N'Pantalón Nike Sportswear Sport Essentials', N'Pantalón Nike azul marino, con logo Nike rojo bordado y logos Nike amarillos estampados.', 4, 19, CAST(15000.00 AS Decimal(10, 2)), CAST(20000.00 AS Decimal(10, 2)), 1, CAST(N'2023-11-14T21:22:08.020' AS DateTime))
INSERT [dbo].[PRODUCTO] ([IdProducto], [Codigo], [Nombre], [Descripcion], [IdCategoria], [Stock], [PrecioCompra], [PrecioVenta], [Estado], [FechaRegistro]) VALUES (15, N'052', N'Pantalón Nike Liverpool Fc Strike', N'Pantalón Nike de entrenamiento del Liverpool Football Club.', 4, 0, CAST(0.00 AS Decimal(10, 2)), CAST(0.00 AS Decimal(10, 2)), 1, CAST(N'2023-11-14T21:22:08.020' AS DateTime))
INSERT [dbo].[PRODUCTO] ([IdProducto], [Codigo], [Nombre], [Descripcion], [IdCategoria], [Stock], [PrecioCompra], [PrecioVenta], [Estado], [FechaRegistro]) VALUES (16, N'053', N'Pantalón Nike Dri-FIT Challenger', N'Su diseño está pensado para que lo puedas llevar antes, durante o después de la carrera.', 4, 0, CAST(0.00 AS Decimal(10, 2)), CAST(0.00 AS Decimal(10, 2)), 1, CAST(N'2023-11-14T21:22:08.020' AS DateTime))
INSERT [dbo].[PRODUCTO] ([IdProducto], [Codigo], [Nombre], [Descripcion], [IdCategoria], [Stock], [PrecioCompra], [PrecioVenta], [Estado], [FechaRegistro]) VALUES (17, N'021', N'Buzo Nike Dri-Fit Libero', N'Ideal a la hora de salir de tu casa en tus días de relax o lucirlo antes de un juego.', 5, 15, CAST(13200.00 AS Decimal(10, 2)), CAST(18500.00 AS Decimal(10, 2)), 1, CAST(N'2023-11-14T21:22:08.020' AS DateTime))
INSERT [dbo].[PRODUCTO] ([IdProducto], [Codigo], [Nombre], [Descripcion], [IdCategoria], [Stock], [PrecioCompra], [PrecioVenta], [Estado], [FechaRegistro]) VALUES (18, N'022', N'Buzo Nike Sportswear', N'Es tu aliado ideal a la hora de salir de tu casa en tus días de relax.', 5, 10, CAST(12500.00 AS Decimal(10, 2)), CAST(17000.00 AS Decimal(10, 2)), 1, CAST(N'2023-11-14T21:22:08.020' AS DateTime))
INSERT [dbo].[PRODUCTO] ([IdProducto], [Codigo], [Nombre], [Descripcion], [IdCategoria], [Stock], [PrecioCompra], [PrecioVenta], [Estado], [FechaRegistro]) VALUES (19, N'023', N'Buzo Nike Cr7 Dri-Fit', N'Cristiano Ronaldo trae alegrías y un nuevo diseño de su mano con el Buzo Nike Cr7 Dri-Fit.', 5, 9, CAST(20000.00 AS Decimal(10, 2)), CAST(28500.00 AS Decimal(10, 2)), 1, CAST(N'2023-11-14T21:22:08.020' AS DateTime))
INSERT [dbo].[PRODUCTO] ([IdProducto], [Codigo], [Nombre], [Descripcion], [IdCategoria], [Stock], [PrecioCompra], [PrecioVenta], [Estado], [FechaRegistro]) VALUES (20, N'031', N'Campera Nike Essential Wild Run', N'Inspirada en el aire libre y en la felicidad de estar en contacto con la naturaleza.', 6, 14, CAST(32500.00 AS Decimal(10, 2)), CAST(40000.00 AS Decimal(10, 2)), 1, CAST(N'2023-11-14T21:22:08.020' AS DateTime))
INSERT [dbo].[PRODUCTO] ([IdProducto], [Codigo], [Nombre], [Descripcion], [IdCategoria], [Stock], [PrecioCompra], [PrecioVenta], [Estado], [FechaRegistro]) VALUES (21, N'032', N'Campera Nike Windrunner', N'Para deportistas que necesitan estar activos y cumplir sus rutinas con comodidad y velocidad.', 6, 0, CAST(0.00 AS Decimal(10, 2)), CAST(0.00 AS Decimal(10, 2)), 1, CAST(N'2023-11-14T21:22:08.020' AS DateTime))
INSERT [dbo].[PRODUCTO] ([IdProducto], [Codigo], [Nombre], [Descripcion], [IdCategoria], [Stock], [PrecioCompra], [PrecioVenta], [Estado], [FechaRegistro]) VALUES (22, N'033', N'Campera Nike Sportswear Essentials', N'Con su tejido Woven ligero garantiza suavidad y ventilación.', 6, 0, CAST(0.00 AS Decimal(10, 2)), CAST(0.00 AS Decimal(10, 2)), 1, CAST(N'2023-11-14T21:22:08.020' AS DateTime))
INSERT [dbo].[PRODUCTO] ([IdProducto], [Codigo], [Nombre], [Descripcion], [IdCategoria], [Stock], [PrecioCompra], [PrecioVenta], [Estado], [FechaRegistro]) VALUES (23, N'041', N'Short Nike Dri-FIT Story Knit 6.0', N'Diseñado con una tela resistente de poliéster y un estampado power para acompañarte siempre.', 7, 18, CAST(9000.00 AS Decimal(10, 2)), CAST(12000.00 AS Decimal(10, 2)), 1, CAST(N'2023-11-14T21:22:08.020' AS DateTime))
INSERT [dbo].[PRODUCTO] ([IdProducto], [Codigo], [Nombre], [Descripcion], [IdCategoria], [Stock], [PrecioCompra], [PrecioVenta], [Estado], [FechaRegistro]) VALUES (24, N'042', N'Short Nike Dri-Fit Sport Clash', N'Su tela liviana y elástica está diseaña para mantenerte fresco en tu rutina de entrenamiento.', 7, 8, CAST(17550.00 AS Decimal(10, 2)), CAST(23350.00 AS Decimal(10, 2)), 1, CAST(N'2023-11-14T21:22:08.020' AS DateTime))
INSERT [dbo].[PRODUCTO] ([IdProducto], [Codigo], [Nombre], [Descripcion], [IdCategoria], [Stock], [PrecioCompra], [PrecioVenta], [Estado], [FechaRegistro]) VALUES (25, N'043', N'Short Nike F.C. Dri-FIT', N'Pensado para jugar por amor al', 7, 9, CAST(5500.00 AS Decimal(10, 2)), CAST(10000.00 AS Decimal(10, 2)), 1, CAST(N'2023-11-14T21:22:08.020' AS DateTime))
SET IDENTITY_INSERT [dbo].[PRODUCTO] OFF
GO
SET IDENTITY_INSERT [dbo].[PROVEEDOR] ON 

INSERT [dbo].[PROVEEDOR] ([IdProveedor], [Documento], [RazonSocial], [Correo], [Telefono], [Estado], [FechaRegistro]) VALUES (4, N'12345678-A', N'DeportesElite Proveedores S.A.', N'info@deporteselite.com', N'+1 (555) 123-4567', 1, CAST(N'2023-11-14T21:23:32.220' AS DateTime))
INSERT [dbo].[PROVEEDOR] ([IdProveedor], [Documento], [RazonSocial], [Correo], [Telefono], [Estado], [FechaRegistro]) VALUES (5, N'87654321-B', N'GlobalSports Trading Ltda.', N'contact@globalsports.com', N'+1 (555) 987-6543', 1, CAST(N'2023-11-14T21:23:32.220' AS DateTime))
INSERT [dbo].[PROVEEDOR] ([IdProveedor], [Documento], [RazonSocial], [Correo], [Telefono], [Estado], [FechaRegistro]) VALUES (6, N'13579246-C', N'FitGear Solutions S.C.', N'sales@fitgearsolutions.com', N'+1 (555) 246-8139', 1, CAST(N'2023-11-14T21:23:32.220' AS DateTime))
INSERT [dbo].[PROVEEDOR] ([IdProveedor], [Documento], [RazonSocial], [Correo], [Telefono], [Estado], [FechaRegistro]) VALUES (7, N'98765432-D', N'SportFashion Distributors Inc.', N'info@sportfashiondistributors.com', N'+1 (555) 654-3210', 1, CAST(N'2023-11-14T21:23:32.220' AS DateTime))
INSERT [dbo].[PROVEEDOR] ([IdProveedor], [Documento], [RazonSocial], [Correo], [Telefono], [Estado], [FechaRegistro]) VALUES (8, N'24681357-E', N'PrimeAthlete Supply Co.', N'contact@primeathlete.com', N'+1 (555) 135-7924', 1, CAST(N'2023-11-14T21:23:32.220' AS DateTime))
INSERT [dbo].[PROVEEDOR] ([IdProveedor], [Documento], [RazonSocial], [Correo], [Telefono], [Estado], [FechaRegistro]) VALUES (9, N'57381924', N'Dynamicfit Sports Enterprises', N'sales@dynamicfit.com', N'+1 (555) 819-2437', 1, CAST(N'2023-11-14T21:23:32.220' AS DateTime))
SET IDENTITY_INSERT [dbo].[PROVEEDOR] OFF
GO
SET IDENTITY_INSERT [dbo].[ROL] ON 

INSERT [dbo].[ROL] ([IdRol], [descripcion], [FechaRegistro]) VALUES (1, N'Administrador', CAST(N'2023-09-15T12:59:41.503' AS DateTime))
INSERT [dbo].[ROL] ([IdRol], [descripcion], [FechaRegistro]) VALUES (2, N'Empleado', CAST(N'2023-09-17T12:52:24.287' AS DateTime))
INSERT [dbo].[ROL] ([IdRol], [descripcion], [FechaRegistro]) VALUES (3, N'Gerente', CAST(N'2023-09-17T12:52:48.550' AS DateTime))
SET IDENTITY_INSERT [dbo].[ROL] OFF
GO
SET IDENTITY_INSERT [dbo].[USUARIO] ON 

INSERT [dbo].[USUARIO] ([IdUsuario], [Documento], [Nombre], [Apellido], [Correo], [Clave], [IdRol], [Estado], [FechaRegistro]) VALUES (1, N'12345678', N'Martin', N'Gonzales', N'margo.gon@gmail.com', N'123', 1, 1, CAST(N'2023-09-15T13:00:12.240' AS DateTime))
INSERT [dbo].[USUARIO] ([IdUsuario], [Documento], [Nombre], [Apellido], [Correo], [Clave], [IdRol], [Estado], [FechaRegistro]) VALUES (16, N'87654321', N'Carlos', N'Gómez', N'carlos.gomez@email.com', N'123', 1, 1, CAST(N'2023-11-14T21:08:12.780' AS DateTime))
INSERT [dbo].[USUARIO] ([IdUsuario], [Documento], [Nombre], [Apellido], [Correo], [Clave], [IdRol], [Estado], [FechaRegistro]) VALUES (17, N'11223344', N'Laura', N'Pérez', N'laura.perez@email.com', N'123', 2, 1, CAST(N'2023-11-14T21:08:12.780' AS DateTime))
INSERT [dbo].[USUARIO] ([IdUsuario], [Documento], [Nombre], [Apellido], [Correo], [Clave], [IdRol], [Estado], [FechaRegistro]) VALUES (18, N'44332211', N'Juan', N'Sánchez', N'juan.sanchez@email.com', N'123', 2, 1, CAST(N'2023-11-14T21:08:12.780' AS DateTime))
INSERT [dbo].[USUARIO] ([IdUsuario], [Documento], [Nombre], [Apellido], [Correo], [Clave], [IdRol], [Estado], [FechaRegistro]) VALUES (19, N'1234567', N'María', N'Martínez', N'maria.martinez@email.com', N'123', 3, 1, CAST(N'2023-11-14T21:08:12.780' AS DateTime))
INSERT [dbo].[USUARIO] ([IdUsuario], [Documento], [Nombre], [Apellido], [Correo], [Clave], [IdRol], [Estado], [FechaRegistro]) VALUES (20, N'76543210', N'Hernan', N'Parez', N'herpared02@email.com', N'123', 3, 1, CAST(N'2023-11-14T21:08:12.780' AS DateTime))
SET IDENTITY_INSERT [dbo].[USUARIO] OFF
GO
SET IDENTITY_INSERT [dbo].[VENTA] ON 

INSERT [dbo].[VENTA] ([IdVenta], [IdUsuario], [TipoDocumento], [NumeroDocumento], [DocumentoCliente], [NombreCliente], [ApellidoCliente], [MontoPago], [MontoCambio], [MontoTotal], [FechaRegistro]) VALUES (3, 1, N'Factura', N'00001', N'60000000', N'Mateo', N'Herrera', CAST(5000.00 AS Decimal(10, 2)), CAST(2000.00 AS Decimal(10, 2)), CAST(3000.00 AS Decimal(10, 2)), CAST(N'2023-11-14T21:39:36.677' AS DateTime))
INSERT [dbo].[VENTA] ([IdVenta], [IdUsuario], [TipoDocumento], [NumeroDocumento], [DocumentoCliente], [NombreCliente], [ApellidoCliente], [MontoPago], [MontoCambio], [MontoTotal], [FechaRegistro]) VALUES (4, 1, N'Boleta', N'00002', N'10000000', N'Ramon', N'Galarza', CAST(50000.00 AS Decimal(10, 2)), CAST(2000.00 AS Decimal(10, 2)), CAST(48000.00 AS Decimal(10, 2)), CAST(N'2023-11-14T23:54:51.763' AS DateTime))
INSERT [dbo].[VENTA] ([IdVenta], [IdUsuario], [TipoDocumento], [NumeroDocumento], [DocumentoCliente], [NombreCliente], [ApellidoCliente], [MontoPago], [MontoCambio], [MontoTotal], [FechaRegistro]) VALUES (5, 1, N'Boleta', N'00003', N'50000000', N'Daira', N'Fernandez', CAST(48500.00 AS Decimal(10, 2)), CAST(0.00 AS Decimal(10, 2)), CAST(48500.00 AS Decimal(10, 2)), CAST(N'2023-11-14T23:56:35.337' AS DateTime))
INSERT [dbo].[VENTA] ([IdVenta], [IdUsuario], [TipoDocumento], [NumeroDocumento], [DocumentoCliente], [NombreCliente], [ApellidoCliente], [MontoPago], [MontoCambio], [MontoTotal], [FechaRegistro]) VALUES (6, 18, N'Boleta', N'00004', N'40000000', N'Romina', N'Alvarez', CAST(55000.00 AS Decimal(10, 2)), CAST(3000.00 AS Decimal(10, 2)), CAST(52000.00 AS Decimal(10, 2)), CAST(N'2023-11-15T08:46:27.610' AS DateTime))
INSERT [dbo].[VENTA] ([IdVenta], [IdUsuario], [TipoDocumento], [NumeroDocumento], [DocumentoCliente], [NombreCliente], [ApellidoCliente], [MontoPago], [MontoCambio], [MontoTotal], [FechaRegistro]) VALUES (7, 18, N'Boleta', N'00005', N'20000000', N'Maria', N'Hernandez', CAST(60000.00 AS Decimal(10, 2)), CAST(3000.00 AS Decimal(10, 2)), CAST(57000.00 AS Decimal(10, 2)), CAST(N'2023-11-15T08:47:45.030' AS DateTime))
INSERT [dbo].[VENTA] ([IdVenta], [IdUsuario], [TipoDocumento], [NumeroDocumento], [DocumentoCliente], [NombreCliente], [ApellidoCliente], [MontoPago], [MontoCambio], [MontoTotal], [FechaRegistro]) VALUES (8, 1, N'Boleta', N'00006', N'30000000', N'Eduardo', N'Ramirez', CAST(80000.00 AS Decimal(10, 2)), CAST(4000.00 AS Decimal(10, 2)), CAST(76000.00 AS Decimal(10, 2)), CAST(N'2023-11-15T17:33:58.893' AS DateTime))
SET IDENTITY_INSERT [dbo].[VENTA] OFF
GO
ALTER TABLE [dbo].[CATEGORIA] ADD  DEFAULT (getdate()) FOR [FechaRegistro]
GO
ALTER TABLE [dbo].[CLIENTE] ADD  CONSTRAINT [DF__CLIENTE__FechaRe__5EBF139D]  DEFAULT (getdate()) FOR [FechaRegistro]
GO
ALTER TABLE [dbo].[COMPRA] ADD  DEFAULT (getdate()) FOR [FechaRegistro]
GO
ALTER TABLE [dbo].[DETALLE_COMPRA] ADD  DEFAULT ((0)) FOR [PrecioCompra]
GO
ALTER TABLE [dbo].[DETALLE_COMPRA] ADD  DEFAULT ((0)) FOR [PrecioVenta]
GO
ALTER TABLE [dbo].[DETALLE_COMPRA] ADD  DEFAULT (getdate()) FOR [FechaRegistro]
GO
ALTER TABLE [dbo].[DETALLE_VENTA] ADD  DEFAULT (getdate()) FOR [FechaRegistro]
GO
ALTER TABLE [dbo].[PERMISO] ADD  DEFAULT (getdate()) FOR [FechaRegistro]
GO
ALTER TABLE [dbo].[PRODUCTO] ADD  DEFAULT ((0)) FOR [Stock]
GO
ALTER TABLE [dbo].[PRODUCTO] ADD  DEFAULT ((0)) FOR [PrecioCompra]
GO
ALTER TABLE [dbo].[PRODUCTO] ADD  DEFAULT ((0)) FOR [PrecioVenta]
GO
ALTER TABLE [dbo].[PRODUCTO] ADD  DEFAULT (getdate()) FOR [FechaRegistro]
GO
ALTER TABLE [dbo].[PROVEEDOR] ADD  DEFAULT (getdate()) FOR [FechaRegistro]
GO
ALTER TABLE [dbo].[ROL] ADD  DEFAULT (getdate()) FOR [FechaRegistro]
GO
ALTER TABLE [dbo].[USUARIO] ADD  DEFAULT (getdate()) FOR [FechaRegistro]
GO
ALTER TABLE [dbo].[VENTA] ADD  CONSTRAINT [DF__VENTA__FechaRegi__7B5B524B]  DEFAULT (getdate()) FOR [FechaRegistro]
GO
ALTER TABLE [dbo].[COMPRA]  WITH CHECK ADD FOREIGN KEY([IdProveedor])
REFERENCES [dbo].[PROVEEDOR] ([IdProveedor])
GO
ALTER TABLE [dbo].[COMPRA]  WITH CHECK ADD FOREIGN KEY([IdUsuario])
REFERENCES [dbo].[USUARIO] ([IdUsuario])
GO
ALTER TABLE [dbo].[DETALLE_COMPRA]  WITH CHECK ADD FOREIGN KEY([IdCompra])
REFERENCES [dbo].[COMPRA] ([IdCompra])
GO
ALTER TABLE [dbo].[DETALLE_COMPRA]  WITH CHECK ADD FOREIGN KEY([IdProducto])
REFERENCES [dbo].[PRODUCTO] ([IdProducto])
GO
ALTER TABLE [dbo].[DETALLE_VENTA]  WITH CHECK ADD FOREIGN KEY([IdProducto])
REFERENCES [dbo].[PRODUCTO] ([IdProducto])
GO
ALTER TABLE [dbo].[DETALLE_VENTA]  WITH CHECK ADD  CONSTRAINT [FK__DETALLE_V__IdVen__7E37BEF6] FOREIGN KEY([IdVenta])
REFERENCES [dbo].[VENTA] ([IdVenta])
GO
ALTER TABLE [dbo].[DETALLE_VENTA] CHECK CONSTRAINT [FK__DETALLE_V__IdVen__7E37BEF6]
GO
ALTER TABLE [dbo].[PERMISO]  WITH CHECK ADD FOREIGN KEY([IdRol])
REFERENCES [dbo].[ROL] ([IdRol])
GO
ALTER TABLE [dbo].[PRODUCTO]  WITH CHECK ADD FOREIGN KEY([IdCategoria])
REFERENCES [dbo].[CATEGORIA] ([IdCategoria])
GO
ALTER TABLE [dbo].[USUARIO]  WITH CHECK ADD FOREIGN KEY([IdRol])
REFERENCES [dbo].[ROL] ([IdRol])
GO
ALTER TABLE [dbo].[VENTA]  WITH CHECK ADD  CONSTRAINT [FK__VENTA__IdUsuario__7A672E12] FOREIGN KEY([IdUsuario])
REFERENCES [dbo].[USUARIO] ([IdUsuario])
GO
ALTER TABLE [dbo].[VENTA] CHECK CONSTRAINT [FK__VENTA__IdUsuario__7A672E12]
GO
/****** Object:  StoredProcedure [dbo].[sp_EditarCategoria]    Script Date: 15/11/2023 22:51:21 ******/
SET ANSI_NULLS ON
GO
SET QUOTED_IDENTIFIER ON
GO


--PROCEDIMIENTO ALMACENADO PARA MODIFICAR CATEGORIA--

CREATE PROC [dbo].[sp_EditarCategoria](
@IdCategoria int,
@Descripcion varchar (50),
@Estado bit,
@Resultado bit output,
@Mensaje varchar(500) output
)as

begin 
	set @Resultado = 1
	if not exists (select * from CATEGORIA where Descripcion = @Descripcion and IdCategoria != @IdCategoria)

		update CATEGORIA set
		Descripcion = @Descripcion,
		Estado = @Estado
		where IdCategoria = @IdCategoria
	else
	begin
		set @Resultado = 0
		set @Mensaje = 'No se puede repetir la descripcion de una categoria'
	end
end

GO
/****** Object:  StoredProcedure [dbo].[sp_editarusuario]    Script Date: 15/11/2023 22:51:21 ******/
SET ANSI_NULLS ON
GO
SET QUOTED_IDENTIFIER ON
GO
create proc [dbo].[sp_editarusuario](
@IdUsuario int,
@Documento varchar (50),
@Nombre varchar (50),
@Apellido varchar (50),
@Correo varchar (100),
@Clave varchar (100),
@IdRol int,
@Estado bit,
@Respuesta bit output,
@Mensaje varchar(500) output
)

as 
begin 

	set @Respuesta = 0
	set @Mensaje = ''
	
	if not exists(select * from USUARIO where Documento = @Documento and IdUsuario != @IdUsuario)
	begin 
		update USUARIO set 
		Documento = @Documento, 
		Nombre = @Nombre, 
		Apellido = @Apellido,
		Correo = @Correo, 
		Clave = @Clave, 
		IdRol = @IdRol, 
		Estado = @Estado
		where IdUsuario = @IdUsuario
		

		set @Respuesta = 1
		
	end
	else 
		set @Mensaje = 'No se puede repetir el Nro de Documento para mas de un usuario.'
end
GO
/****** Object:  StoredProcedure [dbo].[sp_EliminarCategoria]    Script Date: 15/11/2023 22:51:21 ******/
SET ANSI_NULLS ON
GO
SET QUOTED_IDENTIFIER ON
GO

--PROCEDIMIENTO ALMACENADO PARA ELIMINAR UNA CATEGORIA--

create procedure [dbo].[sp_EliminarCategoria](
@IdCategoria int,
@Resultado bit output,
@Mensaje varchar(500) output
)
as 
begin
	set @Resultado = 1
	if not exists (
	select * from CATEGORIA c 
	inner join PRODUCTO p on p.IdCategoria = c.IdCategoria
	where c.IdCategoria = @IdCategoria
	)
	begin 
		delete top(1) from CATEGORIA where IdCategoria = @IdCategoria
	end
	else
	begin
		set @Resultado = 0
		set @Mensaje = 'La categoria se encuentra relacionada a un producto'
	end

end

GO
/****** Object:  StoredProcedure [dbo].[sp_eliminarusuario]    Script Date: 15/11/2023 22:51:21 ******/
SET ANSI_NULLS ON
GO
SET QUOTED_IDENTIFIER ON
GO
create proc [dbo].[sp_eliminarusuario](
@IdUsuario int,
@Respuesta bit output,
@Mensaje varchar(500) output
)

as 
begin 

	set @Respuesta = 0
	set @Mensaje = ''
	declare @pasoRegla bit = 1
	
	if exists (select * from COMPRA c 
	inner join USUARIO u on u.IdUsuario = c.IdUsuario
	where u.IdUsuario = @IdUsuario)
	begin 
		set @pasoRegla = 0
		set @Respuesta = 0
		set @Mensaje = @Mensaje + 'No se puede eliminar porque el usuario se encuentra relacionado a una compra\n'
	end 

	if exists (select * from VENTA v 
	inner join USUARIO u on u.IdUsuario = v.IdUsuario
	where u.IdUsuario = @IdUsuario)
	begin 
		set @pasoRegla = 0
		set @Respuesta = 0
		set @Mensaje = @Mensaje + 'No se puede eliminar porque el usuario se encuentra relacionado a una venta\n'
	end 
	
	if(@pasoRegla = 1)
	begin 
		
		delete from USUARIO where IdUsuario = @IdUsuario
		set @Respuesta = 1

	end

end	
GO
/****** Object:  StoredProcedure [dbo].[sp_ModificarCliente]    Script Date: 15/11/2023 22:51:21 ******/
SET ANSI_NULLS ON
GO
SET QUOTED_IDENTIFIER ON
GO
create proc [dbo].[sp_ModificarCliente](
@IdCliente int,
@Documento varchar(50),
@Nombre varchar(50),
@Apellido varchar(50),
@Correo varchar(50),
@Telefono varchar(50),
@Estado bit,
@Resultado bit output,
@Mensaje varchar(500) output
)as
begin
	set @Resultado = 1
	declare @IdPersona int
	if not exists(select * from CLIENTE where Documento = @Documento and IdCliente != @IdCliente)
	begin
		update CLIENTE set
		Documento = @Documento,
		Nombre = @Nombre,
		Apellido = @Apellido,
		Correo = @Correo,
		Telefono = @Telefono,
		Estado = @Estado
		where IdCliente = @IdCliente
	end
	else
	begin
		set @Resultado = 0
		set @Mensaje = 'El numero de documento ingresado ya existe.'
	end
end
GO
/****** Object:  StoredProcedure [dbo].[sp_ModificarProducto]    Script Date: 15/11/2023 22:51:21 ******/
SET ANSI_NULLS ON
GO
SET QUOTED_IDENTIFIER ON
GO
create procedure [dbo].[sp_ModificarProducto](
@IdProducto int,
@Codigo varchar(20),
@Nombre varchar(30),
@Descripcion varchar(30),
@IdCategoria int,
@Estado bit,
@Resultado int output,
@Mensaje varchar(500) output
)
as
begin
	set @Resultado = 1
	if not exists(select * from PRODUCTO where Codigo = @Codigo and IdProducto != @IdProducto)

		update PRODUCTO set
		Codigo = @Codigo,
		Nombre = @Nombre,
		Descripcion = @Descripcion,
		IdCategoria = @IdCategoria,
		Estado = @Estado
		where IdProducto = @IdProducto
	else
	begin
		set @Resultado = 0
		set @Mensaje = 'Ya existe un producto con el mismo codigo.'
	end
end
GO
/****** Object:  StoredProcedure [dbo].[sp_ModificarProveedor]    Script Date: 15/11/2023 22:51:21 ******/
SET ANSI_NULLS ON
GO
SET QUOTED_IDENTIFIER ON
GO
create proc [dbo].[sp_ModificarProveedor](
@IdProveedor int,
@Documento varchar(50),
@RazonSocial varchar(50),
@Correo varchar(50),
@Telefono varchar(50),
@Estado bit,
@Resultado bit output,
@Mensaje varchar(500) output
)as
begin
	set @Resultado = 1
	declare @IdPersona int
	if not exists(select * from PROVEEDOR where Documento = @Documento and IdProveedor != @IdProveedor)
	begin
		update PROVEEDOR set
		Documento = @Documento,
		RazonSocial = @RazonSocial,
		Correo = @Correo,
		Telefono = @Telefono,
		Estado = @Estado
		where IdProveedor = @IdProveedor
	end
	else
	begin
		set @Resultado = 0
		set @Mensaje = 'El numero de documento ingresado ya existe.'
	end
end

GO
/****** Object:  StoredProcedure [dbo].[sp_registrarCategoria]    Script Date: 15/11/2023 22:51:21 ******/
SET ANSI_NULLS ON
GO
SET QUOTED_IDENTIFIER ON
GO
CREATE PROCEDURE [dbo].[sp_registrarCategoria](
@Descripcion varchar(50),
@Estado bit,
@Resultado int output,
@Mensaje varchar(500) output
) as
begin 
	set @Resultado = 0
	if not exists (select * from CATEGORIA where Descripcion = @Descripcion)
	begin 
		insert into CATEGORIA(Descripcion, Estado) values (@Descripcion, @Estado)
		set @Resultado = SCOPE_IDENTITY()
	end
	else
		set @Mensaje = 'No se puede repetir la descripcion de una categoria.'
end

GO
/****** Object:  StoredProcedure [dbo].[sp_RegistrarCliente]    Script Date: 15/11/2023 22:51:21 ******/
SET ANSI_NULLS ON
GO
SET QUOTED_IDENTIFIER ON
GO
CREATE PROC [dbo].[sp_RegistrarCliente](
@Documento varchar(50),
@Nombre varchar(50),
@Apellido varchar(50),
@Correo varchar(50),
@Telefono varchar(50),
@Estado bit,
@Resultado int output,
@Mensaje varchar(500) output
)as
begin
	set @Resultado = 0
	declare @IdPersona int
	if not exists (select * from cliente where Documento = @Documento)
	begin
		insert into CLIENTE(Documento, Nombre, Apellido, Correo, Telefono, Estado) values (@Documento, @Nombre, @Apellido, @Correo, @Telefono, @Estado)

		set @Resultado = SCOPE_IDENTITY()
	end
	else
		set @Mensaje = 'El numero de Documento ingresado ya existe.'
end

GO
/****** Object:  StoredProcedure [dbo].[sp_RegistrarCompra]    Script Date: 15/11/2023 22:51:21 ******/
SET ANSI_NULLS ON
GO
SET QUOTED_IDENTIFIER ON
GO
create procedure [dbo].[sp_RegistrarCompra](
@IdUsuario int,
@IdProveedor int,
@TipoDocumento varchar(500),
@NumeroDocumento varchar(500),
@MontoTotal decimal(18,2),
@DetalleCompra [EDetalle_Compra] readonly,
@Resultado bit output,
@Mensaje varchar(500) output
)
as 
begin 
	
	begin try
		declare @idcompra int = 0
		set @Resultado = 1
		set @Mensaje = ''

		begin transaction registro

		--Registramos la compra en la tabla Compra--
		insert into COMPRA(IdUsuario, IdProveedor, TipoDocumento, NumeroDocumento, MontoTotal) values(@IdUsuario, @IdProveedor, @TipoDocumento, @NumeroDocumento, @MontoTotal)

		set @idcompra = SCOPE_IDENTITY()

		--Registramos el detalle de la compra en la tabla DetalleCompra--
		insert into DETALLE_COMPRA(IdCompra, IdProducto, PrecioCompra, PrecioVenta, Cantidad, MontoTotal)
		select @idcompra, IdProducto, PrecioCompra, PrecioVenta, Cantidad, MontoTotal from @DetalleCompra

		--Actualizamos el stock, el precio compra y el precio venta de cada producto en la tabla Producto--
		update p set p.Stock = p.Stock + dc.Cantidad,
		p.PrecioCompra = dc.PrecioCompra,
		p.PrecioVenta = dc.PrecioVenta
		from PRODUCTO p
		inner join @DetalleCompra dc on dc.IdProducto = p.IdProducto

		commit transaction registro



	end try
	begin catch
		--Si hay un error antes de "commit transaction", entra aca y hace un rollback y vuelve todo al punto antes de ejecutar el insert en la tabla Compra--
		set @Resultado = 0
		set @Mensaje = ERROR_MESSAGE()
		rollback transaction registro

	end catch

end
GO
/****** Object:  StoredProcedure [dbo].[sp_RegistrarProducto]    Script Date: 15/11/2023 22:51:21 ******/
SET ANSI_NULLS ON
GO
SET QUOTED_IDENTIFIER ON
GO
create proc [dbo].[sp_RegistrarProducto](
@Codigo varchar(20),
@Nombre varchar(30),
@Descripcion varchar(30),
@IdCategoria int,
@Estado bit,
@Resultado int output,
@Mensaje varchar(500) output
)as
begin
	set @Resultado = 0
	if not exists (select * from PRODUCTO where Codigo = @Codigo)
	begin
		insert into PRODUCTO(Codigo, Nombre, Descripcion, IdCategoria, Estado) values (@Codigo, @Nombre, @Descripcion, @IdCategoria, @Estado)
		set @Resultado = SCOPE_IDENTITY()
	end
	else
	set @Mensaje = 'Ya existe un producto con el mismo codigo.'

end

GO
/****** Object:  StoredProcedure [dbo].[sp_RegistrarProveedor]    Script Date: 15/11/2023 22:51:21 ******/
SET ANSI_NULLS ON
GO
SET QUOTED_IDENTIFIER ON
GO
CREATE PROC [dbo].[sp_RegistrarProveedor](
@Documento varchar(50),
@RazonSocial varchar(50),
@Correo varchar(50),
@Telefono varchar(50),
@Estado bit,
@Resultado int output,
@Mensaje varchar(500) output
)as
begin
	set @Resultado = 0
	declare @IdPersona int
	if not exists (select * from PROVEEDOR where Documento = @Documento)
	begin
		insert into PROVEEDOR(Documento, RazonSocial, Correo, Telefono, Estado) values (@Documento, @RazonSocial, @Correo, @Telefono, @Estado)

		set @Resultado = SCOPE_IDENTITY()
	end
	else
		set @Mensaje = 'El numero de Documento ingresado ya existe.'
end

GO
/****** Object:  StoredProcedure [dbo].[sp_registrarusuario]    Script Date: 15/11/2023 22:51:21 ******/
SET ANSI_NULLS ON
GO
SET QUOTED_IDENTIFIER ON
GO
create proc [dbo].[sp_registrarusuario](
@Documento varchar (50),
@Nombre varchar (50),
@Apellido varchar (50),
@Correo varchar (100),
@Clave varchar (100),
@IdRol int,
@Estado bit,
@IdUsuarioResultado int output,
@Mensaje varchar(500) output
)

as 
begin 

	set @IdUsuarioResultado = 0
	set @Mensaje = ''
	
	if not exists(select * from USUARIO where Documento = @Documento)
	begin 
		insert into USUARIO(Documento, Nombre, Apellido, Correo, Clave, IdRol, Estado) values
		(@Documento, @Nombre, @Apellido, @Correo, @Clave, @IdRol, @Estado)

		set @IdUsuarioResultado = SCOPE_IDENTITY()
		
	end
	else 
		set @Mensaje = 'No se puede repetir el Nro de Documento para mas de un usuario.'
end
GO
/****** Object:  StoredProcedure [dbo].[sp_RegistrarVenta]    Script Date: 15/11/2023 22:51:21 ******/
SET ANSI_NULLS ON
GO
SET QUOTED_IDENTIFIER ON
GO
create procedure [dbo].[sp_RegistrarVenta](
@IdUsuario int,
@TipoDocumento varchar(500),
@NumeroDocumento varchar(500),
@DocumentoCliente varchar(500),
@NombreCliente varchar(500),
@ApellidoCliente varchar(500),
@MontoPago decimal(18,2),
@MontoCambio decimal(18,2),
@MontoTotal decimal(18,2),
@DetalleVenta [EDetalle_Venta] readonly,
@Resultado bit output,
@Mensaje varchar(500) output
)
as 
begin 
	
	begin try
		declare @idventa int = 0
		set @Resultado = 1
		set @Mensaje = ''

		begin transaction registro

		--Registramos la venta en la tabla Venta--
		insert into VENTA(IdUsuario, TipoDocumento, NumeroDocumento, DocumentoCliente, NombreCliente, ApellidoCliente, MontoPago, MontoCambio, MontoTotal) 
		values(@IdUsuario, @TipoDocumento, @NumeroDocumento, @DocumentoCliente, @NombreCliente, @ApellidoCliente, @MontoPago, @MontoCambio, @MontoTotal)

		set @idventa = SCOPE_IDENTITY()

		--Registramos el detalle de la venta en la tabla DetalleVenta--
		insert into DETALLE_VENTA(IdVenta, IdProducto, PrecioVenta, Cantidad, SubTotal)
		select @idventa, IdProducto, PrecioVenta, Cantidad, SubTotal from @DetalleVenta

		

		commit transaction registro



	end try
	begin catch
		--Si hay un error antes de "commit transaction", entra aca y hace un rollback y vuelve todo al punto antes de ejecutar el insert en la tabla Venta--
		set @Resultado = 0
		set @Mensaje = ERROR_MESSAGE()
		rollback transaction registro

	end catch

end
GO
/****** Object:  StoredProcedure [dbo].[sp_ReporteCompras]    Script Date: 15/11/2023 22:51:21 ******/
SET ANSI_NULLS ON
GO
SET QUOTED_IDENTIFIER ON
GO
create proc [dbo].[sp_ReporteCompras](
@fechainicio varchar(10),
@fechafin varchar(10),
@idproveedor int
)
as
begin
	
	set Dateformat dmy; 
	select 
	CONVERT(char(10), c.FechaRegistro, 103)[FechaRegistro], c.TipoDocumento, c.NumeroDocumento, c.MontoTotal,
	u.Apellido[UsuarioRegistro],
	pr.Documento[DocumentoProveedor], pr.RazonSocial,
	p.Codigo[CodigoProducto], p.Nombre[NombrePoducto], ca.Descripcion[Categoria], dc.PrecioCompra, dc.PrecioVenta, dc.Cantidad, dc.MontoTotal[SubTotal]
	from COMPRA c
	inner join USUARIO u on u.IdUsuario = c.IdUsuario
	inner join PROVEEDOR pr on pr.IdProveedor = c.IdProveedor
	inner join DETALLE_COMPRA dc on dc.IdCompra = c.IdCompra
	inner join PRODUCTO p on p.IdProducto = dc.IdProducto
	inner join CATEGORIA ca on ca.IdCategoria = p.IdCategoria
	where convert(date, c.FechaRegistro) between @fechainicio and @fechafin
	and pr.IdProveedor = IIF(@idproveedor=0, pr.IdProveedor, @idproveedor)

end
GO
/****** Object:  StoredProcedure [dbo].[sp_ReporteVentas]    Script Date: 15/11/2023 22:51:21 ******/
SET ANSI_NULLS ON
GO
SET QUOTED_IDENTIFIER ON
GO
create proc [dbo].[sp_ReporteVentas](
@fechainicio varchar(10),
@fechafin varchar(10)
)
as
begin
	
	set Dateformat dmy; 
	select 
	CONVERT(char(10), v.FechaRegistro, 103)[FechaRegistro], v.TipoDocumento, v.NumeroDocumento, v.MontoTotal,
	u.Apellido[UsuarioRegistro],
	v.DocumentoCliente, v.NombreCliente, v.ApellidoCliente,
	p.Codigo[CodigoProducto], p.Nombre[NombrePoducto], ca.Descripcion[Categoria], dv.PrecioVenta, dv.Cantidad, dv.SubTotal
	from VENTA v
	inner join USUARIO u on u.IdUsuario = v.IdUsuario
	inner join DETALLE_VENTA dv on dv.IdVenta = v.IdVenta
	inner join PRODUCTO p on p.IdProducto = dv.IdProducto
	inner join CATEGORIA ca on ca.IdCategoria = p.IdCategoria
	where convert(date, v.FechaRegistro) between @fechainicio and @fechafin
	

end
GO
USE [master]
GO
ALTER DATABASE [BDD_NikeStore] SET  READ_WRITE 
GO
